word,freq,len,prob
aback,1089,5,4.4007291714855205e-07
abase,30,5,1.2123220858086834e-08
abate,1230,5,4.970520551815601e-07
abbey,87927,5,3.55319480129667e-05
abbot,25163,5,1.01685535484013e-05
abhor,214,5,8.647897545435275e-08
abide,4418,5,1.7853463250342543e-06
abled,273,5,1.1032130980859019e-07
abode,4321,5,1.7461479109264402e-06
abort,2882,5,1.1646374171002086e-06
about,2242953,5,0.000906393819776948
above,389198,5,0.000157277777050856
abuse,78840,5,3.18598244150522e-05
abyss,5364,5,2.167631889425926e-06
acorn,5438,5,2.197535834209207e-06
acrid,428,5,1.729579509087055e-07
actor,252448,5,0.00010201609530607684
acute,30964,5,1.2512780354993357e-05
adage,790,5,3.1924481592961997e-07
adapt,19168,5,7.745929913593614e-06
adept,5298,5,2.140960803538135e-06
admin,1503,5,6.073733649901503e-07
admit,15884,5,6.418841336995042e-06
adobe,12931,5,5.2255122971973614e-06
adopt,31930,5,1.2903148066623754e-05
adore,1400,5,5.657503067107189e-07
adorn,2401,5,9.70261776008883e-07
adult,146822,5,5.933185109420084e-05
affix,1252,5,5.059424171441572e-07
afire,939,5,3.794568128581179e-07
afoot,656,5,2.6509442943016544e-07
afoul,1252,5,5.059424171441572e-07
after,5292313,5,0.0021386626449708037
again,800298,5,0.00032340631354283925
agape,812,5,3.2813517789221697e-07
agate,1678,5,6.780921533289903e-07
agent,156541,5,6.325937054485904e-05
agile,5428,5,2.1934947605898444e-06
aging,23483,5,9.489653180348437e-06
aglow,155,5,6.263664110011531e-08
agony,4006,5,1.6188540919165285e-06
agree,46127,5,1.864026028403238e-05
ahead,128477,5,5.1918501539480736e-05
aider,97,5,3.9198414107814097e-08
aisle,11087,5,4.480338321786958e-06
alarm,16825,5,6.799106364577032e-06
album,1565466,5,0.0006326163354608588
alert,22364,5,9.037457042341798e-06
algae,15982,5,6.458443858464793e-06
alibi,3205,5,1.29516409500561e-06
alien,38660,5,1.5622790612454567e-05
align,37222,5,1.504168422599027e-05
alike,19379,5,7.831196566962158e-06
alive,68410,5,2.7644984630057343e-05
allay,684,5,2.764094355643798e-07
alley,19215,5,7.764922959604616e-06
allot,521,5,2.105399355687747e-07
allow,219535,5,8.871570970266977e-05
alloy,13889,5,5.6126471499322674e-06
aloft,2758,5,1.1145281042201163e-06
alone,170102,5,6.873947048007622e-05
along,1062706,5,0.0004294473181738009
aloof,1934,5,7.815436379846645e-07
aloud,5632,5,2.275932662424835e-06
alpha,49941,5,2.0181525762457153e-05
altar,35586,5,1.4380564581862602e-05
alter,23892,5,9.654933091380354e-06
amass,1681,5,6.79304475414799e-07
amaze,441,5,1.7821134661387645e-07
amber,19313,5,7.804525481074368e-06
amble,353,5,1.4264989876348842e-07
amend,7983,5,3.2259890703369066e-06
amiss,814,5,3.289433926160894e-07
amity,2929,5,1.1836304631112112e-06
among,869787,5,0.00035148733001642574
ample,8313,5,3.3593444997758618e-06
amply,910,5,3.677376993619673e-07
amuse,1305,5,5.273601073267773e-07
angel,59748,5,2.4144606660965737e-05
anger,27138,5,1.096666558822535e-05
angle,58444,5,2.3617650661000896e-05
angry,34184,5,1.3814006060428011e-05
angst,2331,5,9.41974260673347e-07
anime,56632,5,2.2885408121172452e-05
ankle,17512,5,7.076728122227221e-06
annex,16025,5,6.47582047502805e-06
annoy,1045,5,4.2229219322335805e-07
annul,1128,5,4.5583310426406497e-07
anode,3630,5,1.466909723828507e-06
antic,779,5,3.1479963494832145e-07
anvil,3127,5,1.2636437207745844e-06
aorta,2287,5,9.24193536748153e-07
apart,104664,5,4.229549292969335e-05
aphid,1599,5,6.461676717360282e-07
aping,199,5,8.041736502530933e-08
apnea,1669,5,6.744551870715641e-07
apple,70711,5,2.8574835669872603e-05
apply,67573,5,2.730674676811672e-05
apron,4498,5,1.8176749139891527e-06
aptly,2374,5,9.593508772366048e-07
arbor,11084,5,4.4791259997011485e-06
ardor,499,5,2.0164957360617767e-07
arena,118765,5,4.799381084035609e-05
argue,37605,5,1.5196457345611846e-05
arise,22305,5,9.01361470798756e-06
armor,30287,5,1.2239199670962531e-05
aroma,3370,5,1.3618418097250877e-06
arose,36011,5,1.4552310210685499e-05
array,39907,5,1.6126712492789043e-05
arrow,27152,5,1.0972323091292457e-05
arson,9197,5,3.716575407727487e-06
artsy,415,5,1.6770455520353453e-07
ascot,7138,5,2.884518349500794e-06
ashen,447,5,1.8063599078549383e-07
aside,54194,5,2.190019437277193e-05
askew,1859,5,7.512355858394475e-07
assay,4985,5,2.0144751992520955e-06
asset,27270,5,1.1020007760000932e-05
atoll,11232,5,4.538933889267711e-06
atone,1143,5,4.618947146931084e-07
attic,11959,5,4.832719941395348e-06
audio,85389,5,3.4506323528372554e-05
audit,17816,5,7.1995767602558345e-06
augur,657,5,2.6549853679210167e-07
aunty,903,5,3.649089478284137e-07
avail,6542,5,2.6436703617868023e-06
avert,2709,5,1.0947268434852412e-06
avian,4921,5,1.988612328088177e-06
avoid,125580,5,5.0747802511951485e-05
await,5114,5,2.066605048941869e-06
awake,6276,5,2.5361778035117655e-06
award,760248,5,0.0003072218136972933
aware,53271,5,2.152720327770479e-05
awash,1221,5,4.934150889241341e-07
awful,5876,5,2.3745348587372743e-06
awoke,1812,5,7.322425398284448e-07
axial,7306,5,2.9524083863060805e-06
axiom,5976,5,2.4149455949308972e-06
axion,411,5,1.6608812575578963e-07
azure,7550,5,3.0510105826185197e-06
bacon,17465,5,7.057735076216219e-06
badge,25472,5,1.0293422723239594e-05
badly,37945,5,1.5333853848670164e-05
bagel,1074,5,4.340113067195087e-07
baggy,1137,5,4.59470070521491e-07
baker,69131,5,2.7936346038013363e-05
baler,518,5,2.09327613482966e-07
balmy,309,5,1.248691748382944e-07
banal,1617,5,6.534416042508804e-07
banjo,9020,5,3.645048404664775e-06
barge,10631,5,4.2960653647440375e-06
baron,87704,5,3.544183207125492e-05
basal,22202,5,8.97199164970813e-06
basic,158115,5,6.389543553254666e-05
basil,15273,5,6.1719317388520074e-06
basin,95387,5,3.854658893301096e-05
basis,204030,5,8.245002505584856e-05
baste,109,5,4.404770245104883e-08
batch,18939,5,7.653389327710219e-06
bathe,2314,5,9.351044355204311e-07
baton,14455,5,5.8413719167881725e-06
batty,1279,5,5.168533159164354e-07
bawdy,1106,5,4.469427423014679e-07
bayou,7652,5,3.0922295335360153e-06
beach,216124,5,8.733729949110529e-05
beady,283,5,1.1436238342795247e-07
beard,15478,5,6.254773748048934e-06
beast,24343,5,9.837185511613592e-06
beech,10386,5,4.197059061069662e-06
beefy,223,5,9.01159417117788e-08
befit,161,5,6.506128527173267e-08
began,1305577,5,0.0005275932772746144
begat,464,5,1.875058159384097e-07
beget,344,5,1.3901293250606237e-07
begin,156698,5,6.332281540068302e-05
begun,77189,5,3.1192643160495485e-05
being,1944570,5,0.0007858150528003304
belch,245,5,9.900630367437581e-08
belie,237,5,9.577344477888599e-08
belle,25406,5,1.0266751637351804e-05
belly,13995,5,5.655482530297508e-06
below,330310,5,0.0001334807027211554
bench,51267,5,2.071737212438459e-05
beret,3238,5,1.3084996379495056e-06
berry,27304,5,1.1033747410306764e-05
berth,16427,5,6.638271634526414e-06
beset,3137,5,1.2676847943939466e-06
betel,1403,5,5.669626287965275e-07
bevel,1202,5,4.857370490473459e-07
bezel,729,5,2.9459426685151006e-07
bible,74235,5,2.999891001333587e-05
bicep,413,5,1.6689634047966208e-07
biddy,505,5,2.0407421777779504e-07
bigot,1048,5,4.2350451530916673e-07
bilge,1385,5,5.596886962816755e-07
billy,76640,5,3.09707882187925e-05
binge,2337,5,9.443989048449643e-07
bingo,5394,5,2.1797551102840126e-06
biome,2130,5,8.607486809241652e-07
birch,15420,5,6.231335521056633e-06
birth,175070,5,7.07470758541754e-05
bison,11590,5,4.6836043248408805e-06
bitty,426,5,1.7214973618483303e-07
black,703710,5,0.00028437439166814285
blade,29735,5,1.2016132407173733e-05
blame,19940,5,8.057900797008382e-06
bland,7795,5,3.1500168862928955e-06
blank,16970,5,6.857701932057786e-06
blare,179,5,7.233521778658477e-08
blast,26348,5,1.0647420772295729e-05
blaze,9995,5,4.0390530825525965e-06
bleak,5010,5,2.0245778833005014e-06
bleat,67,5,2.707519324972726e-08
bleed,4350,5,1.7578670244225908e-06
bleep,492,5,1.9882082207262407e-07
blend,20045,5,8.100332070011686e-06
bless,5590,5,2.2589601532235134e-06
blimp,1315,5,5.314011809461396e-07
blind,51508,5,2.081476199861122e-05
blink,2794,5,1.1290759692498204e-06
bliss,12410,5,5.014972361628587e-06
blitz,10914,5,4.4104277481719905e-06
bloat,369,5,1.4911561655446807e-07
block,186164,5,7.52302429274959e-05
bloke,948,5,3.8309377911554394e-07
blond,4279,5,1.7291754017251188e-06
blood,187224,5,7.565859673114831e-05
bloom,16904,5,6.831030846169994e-06
blown,15713,5,6.349738978103947e-06
bluer,288,5,1.163829202376336e-07
bluff,17020,5,6.877907300154597e-06
blunt,12635,5,5.105896518064238e-06
blurb,775,5,3.1318320550057655e-07
blurt,275,5,1.1112952453246264e-07
blush,1244,5,5.027095582486674e-07
board,592866,5,0.00023958151524168362
boast,3233,5,1.3064791011398244e-06
bobby,53429,5,2.1591052240890715e-05
boney,1642,5,6.635442882992861e-07
bongo,3592,5,1.4515536440749302e-06
bonus,55317,5,2.2354006940226314e-05
booby,1822,5,7.36283613447807e-07
boost,22881,5,9.246380548462828e-06
booth,27025,5,1.0921001456326556e-05
booty,4155,5,1.6790660888450265e-06
booze,1161,5,4.691686472079605e-07
boozy,232,5,9.375290796920485e-08
borax,1160,5,4.6876453984602426e-07
borne,15716,5,6.350951300189756e-06
bosom,1262,5,5.099834907635194e-07
bossy,1199,5,4.845247269615371e-07
botch,346,5,1.3982114722993482e-07
bough,1046,5,4.226963005852943e-07
boule,726,5,2.933819447657014e-07
bound,66909,5,2.7038419479791066e-05
bowel,4987,5,2.015283413975968e-06
boxer,35272,5,1.4253674870214627e-05
brace,11385,5,4.600762315643953e-06
braid,3263,5,1.3186023219979113e-06
brain,101052,5,4.0835857138379693e-05
brake,18746,5,7.575396606856527e-06
brand,150680,5,6.0890897296550804e-05
brash,2689,5,1.0866446962465165e-06
brass,32564,5,1.3159352134091321e-05
brave,20574,5,8.31410486447595e-06
bravo,12194,5,4.9276851714503614e-06
brawl,8766,5,3.5424051347329727e-06
brawn,1259,5,5.087711686777108e-07
bread,32569,5,1.3161372670901003e-05
break,157094,5,6.348284191600977e-05
breed,35282,5,1.4257715943833988e-05
briar,2062,5,8.332693803125017e-07
bribe,6422,5,2.595177478354455e-06
brick,93944,5,3.796346200973698e-05
bride,22537,5,9.107367615956765e-06
brief,107009,5,4.32431246934338e-05
brine,3729,5,1.5069163526601935e-06
bring,153079,5,6.186035085783582e-05
brink,6582,5,2.6598346562642513e-06
briny,182,5,7.354753987239346e-08
brisk,2474,5,9.997616134302276e-07
broad,98658,5,3.986842411390436e-05
broil,57,5,2.3034119630364984e-08
broke,150483,5,6.0811288146249365e-05
brood,6812,5,2.7527793495095836e-06
brook,40779,5,1.6479094112397433e-05
broom,5237,5,2.116310254460025e-06
broth,2937,5,1.186863322006701e-06
brown,319404,5,0.0001290735078318789
brunt,3113,5,1.2579862177074772e-06
brush,15634,5,6.317814496510985e-06
brute,3002,5,1.2131303005325558e-06
buddy,18944,5,7.6554098645199e-06
budge,2702,5,1.0918980919516875e-06
buggy,3058,5,1.2357603128009845e-06
bugle,3898,5,1.575210496827416e-06
build,190618,5,7.703013711755987e-05
built,1018221,5,0.0004114706021780678
bulge,5377,5,2.172885285131097e-06
bulky,3384,5,1.3674993127921948e-06
bully,6413,5,2.591540512097029e-06
bunch,11900,5,4.80887760704111e-06
bunny,11238,5,4.541358533439328e-06
burly,746,5,3.0146409200442593e-07
burnt,24055,5,9.72080259137596e-06
burst,16873,5,6.818503517949972e-06
bused,533,5,2.153892239120094e-07
bushy,3042,5,1.229294595010005e-06
butch,6712,5,2.712368613315961e-06
butte,9381,5,3.790931162323753e-06
buxom,294,5,1.1880756440925098e-07
buyer,12128,5,4.901014085562571e-06
bylaw,1149,5,4.6431935886472574e-07
cabal,2005,5,8.102352606821367e-07
cabby,74,5,2.9903944783280857e-08
cabin,40619,5,1.6414436934487637e-05
cable,84692,5,3.4224660697103e-05
cacao,2259,5,9.128785306139386e-07
cache,12826,5,5.183081024194058e-06
cacti,2202,5,8.898444109835736e-07
caddy,1289,5,5.208943895357976e-07
cadet,25447,5,1.0283320039191188e-05
cagey,176,5,7.11228957007761e-08
cairn,4707,5,1.9021333526338242e-06
camel,9937,5,4.015614855560296e-06
cameo,21993,5,8.887533211063458e-06
canal,132986,5,5.374062163445119e-05
candy,21194,5,8.564651428876412e-06
canny,681,5,2.751971134785711e-07
canoe,18374,5,7.42506866821625e-06
canon,42463,5,1.715961090989804e-05
caper,1713,5,6.922359109967582e-07
caput,862,5,3.4834054598902836e-07
carat,1271,5,5.136204570209456e-07
cargo,71267,5,2.8799519363109146e-05
carol,33796,5,1.3657212403996755e-05
carry,126027,5,5.092843850273698e-05
carve,3005,5,1.2143426226183645e-06
caste,20357,5,8.22641356693579e-06
catch,48985,5,1.9795199124446118e-05
cater,8973,5,3.626055358653772e-06
catty,287,5,1.1597881287569738e-07
caulk,160,5,6.465717790979645e-08
cause,227205,5,9.181521316872063e-05
cavil,272,5,1.0991720244665396e-07
cease,17944,5,7.251302502583671e-06
cedar,29254,5,1.1821756766082407e-05
cello,15113,5,6.107274560942211e-06
chafe,276,5,1.1153363189439887e-07
chaff,1356,5,5.479695827855249e-07
chain,110741,5,4.47512533681798e-05
chair,133660,5,5.4012989996396206e-05
chalk,12088,5,4.884849791085122e-06
champ,6814,5,2.7535875642334562e-06
chant,9990,5,4.037032545742916e-06
chaos,28766,5,1.1624552373457529e-05
chard,1287,5,5.200861748119252e-07
charm,15017,5,6.068480254196333e-06
chart,290181,5,0.00011726427839401652
chase,60760,5,2.45535633112452e-05
chasm,1592,5,6.433389202024746e-07
cheap,21717,5,8.775999579169058e-06
cheat,4938,5,1.995482153241093e-06
check,41959,5,1.6955940799482182e-05
cheek,7279,5,2.9414974875338023e-06
cheer,7255,5,2.9317989108473325e-06
chess,70333,5,2.842208308706071e-05
chest,33823,5,1.3668123302769032e-05
chick,7437,5,3.005346450719726e-06
chide,106,5,4.2835380365240145e-08
chief,467903,5,0.0001890830469720468
child,330069,5,0.00013338331284692878
chili,9182,5,3.7105137972984434e-06
chill,6255,5,2.527691548911105e-06
chime,1736,5,7.015303803212914e-07
china,452609,5,0.00018290262897859412
chirp,749,5,3.026764140902346e-07
chock,648,5,2.618615705346756e-07
choir,63455,5,2.5642632651663336e-05
choke,6894,5,2.785916153188354e-06
chord,19041,5,7.694608278627713e-06
chore,671,5,2.7115603985920887e-07
chose,116440,5,4.705426122385436e-05
chuck,33152,5,1.3396967262909823e-05
chump,229,5,9.254058588339616e-08
chunk,3405,5,1.3759855673928557e-06
churn,1097,5,4.433057760440419e-07
chute,3837,5,1.550559947749306e-06
cider,5034,5,2.034276459986971e-06
cigar,6581,5,2.659430548902315e-06
cinch,316,5,1.2769792637184797e-07
circa,26305,5,1.0630044155732473e-05
civic,59726,5,2.4135716299003142e-05
civil,455612,5,0.00018411616338648862
clack,664,5,2.6832728832565524e-07
claim,152210,5,6.150918156031324e-05
clamp,3675,5,1.4850945551156372e-06
clang,461,5,1.8629349385260103e-07
clank,660,5,2.6671085887791034e-07
clash,24785,5,1.0015800965589406e-05
clasp,3024,5,1.222020662495153e-06
class,500543,5,0.00020227311126564526
clean,65471,5,2.6457313093326768e-05
clear,185920,5,7.513164073118347e-05
cleat,225,5,9.092415643565125e-08
cleft,3866,5,1.5622790612454566e-06
clerk,47212,5,1.9078716771733187e-05
click,8650,5,3.4955286807483702e-06
cliff,35914,5,1.4513111796577685e-05
climb,32673,5,1.320339983654237e-05
cling,1687,5,6.817291195864163e-07
clink,421,5,1.701291993751519e-07
cloak,6654,5,2.68893038632366e-06
clock,53559,5,2.1643586197942424e-05
clone,10963,5,4.430229008906865e-06
close,400338,5,0.00016177953306282557
cloth,26761,5,1.0814317112775392e-05
cloud,50405,5,2.0369031578395563e-05
clout,1644,5,6.643525030231585e-07
clove,1356,5,5.479695827855249e-07
clown,11493,5,4.644405910733066e-06
cluck,232,5,9.375290796920485e-08
clued,97,5,3.9198414107814097e-08
clump,1659,5,6.704141134522019e-07
clung,1193,5,4.821000827899197e-07
coach,509987,5,0.000206089501191771
coast,396100,5,0.00016006692606293984
cobra,13082,5,5.286532508849732e-06
cocoa,8750,5,3.535939416941993e-06
colon,8541,5,3.4514809782973214e-06
color,181347,5,7.32836577650491e-05
comet,15759,5,6.368327916753014e-06
comfy,219,5,8.849951226403389e-08
comic,119234,5,4.8183337193104184e-05
comma,2708,5,1.0943227361233049e-06
conch,2163,5,8.740842238680607e-07
condo,2044,5,8.259954477976496e-07
conic,1925,5,7.779066717272385e-07
copse,1240,5,5.010931288009225e-07
coral,31774,5,1.2840107318161703e-05
corer,67,5,2.707519324972726e-08
corny,1194,5,4.82504190151856e-07
couch,6572,5,2.6557935826448892e-06
cough,4135,5,1.670983941606302e-06
could,1056310,5,0.0004268626474868568
count,133988,5,5.4145537211111286e-05
coupe,14212,5,5.743173827837669e-06
court,828376,5,0.0003347528400512846
coven,2026,5,8.187215152827975e-07
cover,263650,5,0.00010654290597448646
covet,292,5,1.1799934968537851e-07
covey,866,5,3.4995697543677326e-07
cower,151,5,6.10202116523704e-08
coyly,160,5,6.465717790979645e-08
crack,15411,5,6.227698554799206e-06
craft,51982,5,2.100630888816899e-05
cramp,1188,5,4.800795459802386e-07
crane,25152,5,1.016410836742e-05
crank,4162,5,1.6818948403785802e-06
crash,76969,5,3.110373954086952e-05
crass,1451,5,5.863597821694665e-07
crate,2336,5,9.439947974830281e-07
crave,1295,5,5.23319033707415e-07
crawl,5174,5,2.0908514906580427e-06
craze,3392,5,1.3707321716876846e-06
crazy,29178,5,1.1791044606575255e-05
creak,179,5,7.233521778658477e-08
cream,35413,5,1.4310654008247635e-05
credo,1578,5,6.376814171353675e-07
creed,12822,5,5.181464594746313e-06
creek,256077,5,0.00010348260092254341
creep,4089,5,1.6523950029572355e-06
creme,1268,5,5.124081349351369e-07
crepe,537,5,2.1700565335975434e-07
crept,1271,5,5.136204570209456e-07
cress,809,5,3.269228558064083e-07
crest,29524,5,1.193086575380519e-05
crick,2151,5,8.69234935524826e-07
cried,4786,5,1.9340578342267863e-06
crier,693,5,2.8004640182180586e-07
crime,166094,5,6.711980817343581e-05
crimp,499,5,2.0164957360617767e-07
crisp,6763,5,2.7329780887747087e-06
croak,360,5,1.4547865029704202e-07
crock,442,5,1.7861545397581268e-07
crone,1152,5,4.655316809505344e-07
crony,458,5,1.8508117176679232e-07
crook,6569,5,2.6545812605590805e-06
cross,281167,5,0.00011362165463352336
croup,426,5,1.7214973618483303e-07
crowd,76734,5,3.10087743108145e-05
crown,154756,5,6.253803890380287e-05
crude,17822,5,7.202001404427452e-06
cruel,14791,5,5.977151990398746e-06
crumb,1846,5,7.459821901342765e-07
crump,2511,5,1.014713585821868e-06
crush,17664,5,7.1381524412415275e-06
crust,11561,5,4.67188521134473e-06
crypt,9620,5,3.887512821826511e-06
cubic,19274,5,7.788765293958854e-06
cumin,1000,5,4.041073619362278e-07
curio,1109,5,4.4815506438727664e-07
curly,5241,5,2.11792668390777e-06
curry,14641,5,5.916535886108311e-06
curse,18297,5,7.39395240134716e-06
curve,39417,5,1.592869988544029e-05
curvy,751,5,3.0348462881410705e-07
cutie,1410,5,5.697913803300812e-07
cyber,12988,5,5.248546416827727e-06
cycle,112402,5,4.5422475696355875e-05
cynic,977,5,3.9481289261169457e-07
daddy,10993,5,4.442352229764952e-06
daily,228559,5,9.236237453678229e-05
dairy,30195,5,1.2202021793664398e-05
daisy,14995,5,6.059589892233736e-06
dally,1438,5,5.811063864642956e-07
dance,252781,5,0.0001021506630576016
dandy,3962,5,1.6010733679913346e-06
datum,2009,5,8.118516901298816e-07
daunt,308,5,1.2446506747635815e-07
dealt,32869,5,1.3282604879481871e-05
death,1025269,5,0.0004143187508649943
debar,714,5,2.8853265642246663e-07
debit,3653,5,1.4762041931530402e-06
debug,1203,5,4.861411564092821e-07
debut,581617,5,0.000235035711527263
decal,920,5,3.7177877298132955e-07
decay,22194,5,8.96875879081264e-06
decor,3805,5,1.5376285121673468e-06
decoy,3609,5,1.4584234692278461e-06
decry,378,5,1.5275258281189411e-07
defer,2129,5,8.60344573562229e-07
deign,87,5,3.515734048845182e-08
deity,28244,5,1.1413608330526817e-05
delay,43404,5,1.753987593748003e-05
delta,64522,5,2.607381520684929e-05
delve,1502,5,6.069692576282141e-07
demon,23876,5,9.648467373589374e-06
demur,109,5,4.404770245104883e-08
denim,2626,5,1.0611859324445342e-06
dense,35343,5,1.4282366492912098e-05
depot,54187,5,2.1897365621238374e-05
depth,83561,5,3.376761527075313e-05
derby,68880,5,2.783491509016737e-05
deter,6460,5,2.6105335581080316e-06
detox,828,5,3.346008956831966e-07
deuce,1906,5,7.702286318504501e-07
devil,32626,5,1.3184406790531367e-05
diary,31828,5,1.2861929115706258e-05
dicey,490,5,1.9801260734875162e-07
digit,10042,5,4.058046128563599e-06
dilly,545,5,2.2023851225524414e-07
dimly,808,5,3.2651874844447207e-07
diner,6884,5,2.781875079568992e-06
dingo,1749,5,7.067837760264624e-07
dingy,733,5,2.9621069629925495e-07
diode,3578,5,1.445896141007823e-06
dirge,746,5,3.0146409200442593e-07
dirty,25633,5,1.0358484008511326e-05
disco,20929,5,8.457562977963312e-06
ditch,13123,5,5.3031009106891174e-06
ditto,873,5,3.527857269703269e-07
ditty,838,5,3.386419693025589e-07
diver,13817,5,5.583551419872859e-06
dizzy,4884,5,1.9736603556965365e-06
dodge,20287,5,8.198126051600253e-06
dodgy,834,5,3.3702553985481396e-07
dogma,3867,5,1.562683168607393e-06
doing,129442,5,5.2308465143749196e-05
dolly,9238,5,3.7331438095668724e-06
donor,17567,5,7.098954027133714e-06
donut,1537,5,6.211130152959821e-07
dopey,387,5,1.5638954906932016e-07
doubt,37939,5,1.5331429204498547e-05
dough,6399,5,2.5858830090299216e-06
dowdy,536,5,2.1660154599781809e-07
dowel,429,5,1.7336205827064173e-07
downy,1779,5,7.189069968845493e-07
dowry,6877,5,2.7790463280354385e-06
dozen,40546,5,1.6384937097066294e-05
draft,191177,5,7.725603313288221e-05
drain,16229,5,6.558258376863041e-06
drake,27645,5,1.1171548020727018e-05
drama,231250,5,9.344982744775268e-05
drank,5409,5,2.185816720713056e-06
drape,737,5,2.978271257469999e-07
drawl,404,5,1.6325937422223603e-07
drawn,107696,5,4.352074645108399e-05
dread,4275,5,1.7275589722773739e-06
dream,93162,5,3.7647450052702856e-05
dress,54385,5,2.197737887890175e-05
dried,19195,5,7.756840812365892e-06
drier,5884,5,2.3777677176327645e-06
drift,15137,5,6.11697313762868e-06
drill,18865,5,7.6234853829269374e-06
drink,43697,5,1.7658279394527346e-05
drive,188614,5,7.622030596423967e-05
droit,1781,5,7.197152116084217e-07
droll,657,5,2.6549853679210167e-07
drone,11459,5,4.6306662604272345e-06
drool,197,5,7.960915030143688e-08
droop,950,5,3.839019938394164e-07
dross,284,5,1.1476649078988869e-07
drove,52677,5,2.1287163504714672e-05
drown,3987,5,1.6111760520397401e-06
druid,2658,5,1.0741173680264934e-06
drunk,21606,5,8.731143661994137e-06
dryer,2061,5,8.328652729505655e-07
dryly,195,5,7.880093557756442e-08
duchy,35887,5,1.4502200897805406e-05
dully,153,5,6.182842637624285e-08
dummy,6094,5,2.4626302636393724e-06
dumpy,215,5,8.688308281628898e-08
dunce,254,5,1.0264326993180186e-07
dusky,3812,5,1.5404572637009003e-06
dusty,7877,5,3.183153689971666e-06
dutch,230557,5,9.316978104593087e-05
duvet,202,5,8.162968711111802e-08
dwarf,22929,5,9.265777701835766e-06
dwell,3979,5,1.6079431931442503e-06
dwelt,1663,5,6.720305428999468e-07
dying,44886,5,1.813876304786952e-05
eager,13117,5,5.3006762665175e-06
eagle,62649,5,2.5316922117942736e-05
early,1887987,5,0.0007629494459398929
earth,202749,5,8.193236352520825e-05
easel,1251,5,5.05538309782221e-07
eaten,23480,5,9.488440858262629e-06
eater,3203,5,1.2943558802817377e-06
ebony,4462,5,1.8031270489594484e-06
eclat,68,5,2.747930061166349e-08
edict,9438,5,3.813965281954118e-06
edify,111,5,4.485591717492129e-08
eerie,3637,5,1.4697384753620604e-06
egret,1374,5,5.55243515300377e-07
eight,419201,5,0.00016940221023102863
eject,2051,5,8.288241993312032e-07
eking,169,5,6.82941441672225e-08
elate,65,5,2.6266978525854808e-08
elbow,11455,5,4.629049830979489e-06
elder,72894,5,2.9457002040979388e-05
elect,30670,5,1.2393972790584107e-05
elegy,2961,5,1.1965618986931704e-06
elfin,1055,5,4.263332668427203e-07
elide,85,5,3.434912576457936e-08
elite,70685,5,2.856432887846226e-05
elope,1578,5,6.376814171353675e-07
elude,1227,5,4.958397330957515e-07
email,23174,5,9.364784005510143e-06
embed,1375,5,5.556476226623133e-07
ember,1559,5,6.300033772585791e-07
emcee,1820,5,7.354753987239346e-07
empty,49740,5,2.010030018270797e-05
enact,6440,5,2.602451410869307e-06
endow,1267,5,5.120040275732006e-07
enema,706,5,2.8529979752697684e-07
enemy,130613,5,5.278167486457652e-05
enjoy,37580,5,1.518635466156344e-05
ennui,395,5,1.5962240796480999e-07
ensue,1517,5,6.130308680572576e-07
enter,121236,5,4.899236013170051e-05
entry,156469,5,6.323027481479962e-05
envoy,13754,5,5.558092656070877e-06
epoch,9169,5,3.7052604015932726e-06
epoxy,2305,5,9.31467469263005e-07
equal,117322,5,4.7410683917082115e-05
equip,5154,5,2.0827693434193182e-06
erase,3803,5,1.5368202974434744e-06
erect,19854,5,8.023147563881867e-06
erode,3846,5,1.5541969140067321e-06
error,53165,5,2.1484367897339552e-05
erupt,1725,5,6.970851993399929e-07
essay,38907,5,1.5722605130852815e-05
ester,6529,5,2.6384169660816315e-06
ether,5854,5,2.3656444967746776e-06
ethic,4948,5,1.9995232268604553e-06
ethos,5671,5,2.291692849540348e-06
etude,628,5,2.5377942329595105e-07
evade,7071,5,2.8574431562510667e-06
event,610269,5,0.0002466141956614598
every,562752,5,0.00022741222614433606
evict,2288,5,9.245976441100892e-07
evoke,6021,5,2.4331304262180276e-06
exact,58088,5,2.34737884401516e-05
exalt,436,5,1.7619080980419533e-07
excel,6870,5,2.776217576501885e-06
exert,5687,5,2.2981585673313275e-06
exile,54844,5,2.216286415803048e-05
exist,118179,5,4.775700392626147e-05
expel,6515,5,2.632759463014524e-06
extol,488,5,1.9720439262487917e-07
extra,101223,5,4.090495949727079e-05
exult,89,5,3.596555521232427e-08
eying,49,5,1.980126073487516e-08
fable,5004,5,2.022153239128884e-06
facet,3195,5,1.2911230213862479e-06
faint,8916,5,3.603021239023407e-06
fairy,26275,5,1.0617920934874386e-05
faith,104040,5,4.204332993584514e-05
false,75709,5,3.059456426482987e-05
fancy,9920,5,4.00874503040738e-06
fanny,11405,5,4.608844462882678e-06
farce,4935,5,1.994269831155284e-06
fatal,28521,5,1.1525546069783152e-05
fatty,12303,5,4.97173287390141e-06
fault,35917,5,1.4514324118663493e-05
fauna,30169,5,1.2191515002254056e-05
favor,85652,5,3.4612603764561784e-05
feast,30351,5,1.226506254212645e-05
fecal,2616,5,1.057144858825172e-06
feign,667,5,2.695396104114639e-07
fella,783,5,3.1641606439606635e-07
felon,1535,5,6.203048005721096e-07
femme,5059,5,2.0443791440353763e-06
femur,4247,5,1.7162439661431594e-06
fence,23118,5,9.342153993241715e-06
feral,6746,5,2.7261082636217925e-06
ferry,69284,5,2.7998174464389606e-05
fetal,7405,5,2.992415015137767e-06
fetch,4556,5,1.8411131409814537e-06
fetid,246,5,9.941041103631203e-08
fetus,6636,5,2.6816564538088076e-06
fever,35122,5,1.4193058765924192e-05
fewer,49469,5,1.9990787087623254e-05
fiber,22882,5,9.246784655824764e-06
ficus,3077,5,1.243438352677773e-06
field,674380,5,0.0002725219227425533
fiend,1837,5,7.423452238768504e-07
fiery,6568,5,2.6541771531971443e-06
fifth,258917,5,0.00010463026583044229
fifty,43585,5,1.7613019369990487e-05
fight,269995,5,0.00010910696718597182
filer,405,5,1.6366348158417226e-07
filet,313,5,1.264856042860393e-07
filly,9336,5,3.7727463310366227e-06
filmy,221,5,8.930772698790634e-08
filth,2170,5,8.769129754016143e-07
final,1084492,5,0.00043825120116094355
finch,12445,5,5.029116119296355e-06
finer,5205,5,2.1033788188780658e-06
first,6010339,5,0.002428822237632425
fishy,488,5,1.9720439262487917e-07
fixer,1407,5,5.685790582442725e-07
fizzy,391,5,1.5800597851706506e-07
fjord,9293,5,3.755369714473365e-06
flack,1844,5,7.451739754104041e-07
flail,699,5,2.824710459934232e-07
flair,9177,5,3.7084932604887624e-06
flake,2483,5,1.0033985796876536e-06
flaky,977,5,3.9481289261169457e-07
flame,20239,5,8.178728898227314e-06
flank,27956,5,1.1297225410289184e-05
flare,5040,5,2.036701104158588e-06
flash,42997,5,1.7375404241171985e-05
flask,1846,5,7.459821901342765e-07
fleck,1855,5,7.496191563917026e-07
fleet,199004,5,8.041898145475708e-05
flesh,20065,5,8.10841421725041e-06
flick,5320,5,2.1498511655007317e-06
flier,1114,5,4.5017560119695777e-07
fling,2194,5,8.866115520880838e-07
flint,20145,5,8.140742806205308e-06
flirt,2307,5,9.322756839868775e-07
float,12558,5,5.0747802511951485e-06
flock,7646,5,3.0898048893643977e-06
flood,60068,5,2.4273921016785332e-05
floor,196865,5,7.955459580757548e-05
flora,44326,5,1.7912462925185233e-05
floss,1327,5,5.362504692893743e-07
flour,20117,5,8.129427800071094e-06
flout,199,5,8.041736502530933e-08
flown,29590,5,1.195753683969298e-05
fluff,975,5,3.940046778878221e-07
fluid,42548,5,1.719396003566262e-05
fluke,1922,5,7.766943496414298e-07
flume,1918,5,7.750779201936849e-07
flung,1493,5,6.033322913707881e-07
flunk,98,5,3.960252146975032e-08
flush,6136,5,2.4796027728406936e-06
flute,19847,5,8.020318812348313e-06
flyer,6674,5,2.6970125335623844e-06
foamy,430,5,1.7376616563257795e-07
focal,17419,5,7.039146137567152e-06
focus,204894,5,8.279917381656146e-05
foggy,2735,5,1.105233634895583e-06
foist,82,5,3.313680367877068e-08
folio,5075,5,2.050844861826356e-06
folly,5322,5,2.1506593802246044e-06
foray,5157,5,2.0839816655051266e-06
force,620638,5,0.00025080438489737654
forge,15196,5,6.140815471982918e-06
forgo,3008,5,1.215554944704173e-06
forte,5434,5,2.195919404761462e-06
forth,38524,5,1.5567832011231238e-05
forty,38165,5,1.5422757468296134e-05
forum,67267,5,2.7183089915364234e-05
found,1302709,5,0.0005264342973605814
foyer,4304,5,1.7392780857735245e-06
frail,2799,5,1.1310965060595016e-06
frame,88905,5,3.5927165012940334e-05
frank,186906,5,7.55300905900526e-05
fraud,43925,5,1.7750415873048805e-05
freak,8079,5,3.264783377082784e-06
freed,26745,5,1.0807851394984412e-05
freer,2868,5,1.1589799140331012e-06
fresh,70945,5,2.8669396792565682e-05
friar,7064,5,2.854614404717513e-06
fried,13966,5,5.643763416801357e-06
frill,654,5,2.64286214706293e-07
frisk,851,5,3.4389536500772983e-07
fritz,20192,5,8.159735852216311e-06
frock,948,5,3.8309377911554394e-07
frond,859,5,3.471282239032197e-07
front,433162,5,0.0001750439531110203
frost,22197,5,8.969971112898448e-06
froth,682,5,2.7560122084050734e-07
frown,391,5,1.5800597851706506e-07
froze,2707,5,1.0939186287613687e-06
fruit,86371,5,3.490315695779393e-05
fudge,1877,5,7.585095183542996e-07
fugue,3805,5,1.5376285121673468e-06
fully,159109,5,6.429711825031127e-05
fungi,21855,5,8.831766395116258e-06
funky,6419,5,2.593965156268646e-06
funny,27017,5,1.0917768597431067e-05
furor,876,5,3.5399804905613556e-07
furry,2461,5,9.945082177250566e-07
fussy,461,5,1.8629349385260103e-07
fuzzy,5682,5,2.2961380305216465e-06
gaffe,479,5,1.9356742636745312e-07
gaily,258,5,1.0425969937954677e-07
gamer,7985,5,3.226797285060779e-06
gamma,18021,5,7.282418769452761e-06
gamut,1835,5,7.41537009152978e-07
gassy,110,5,4.445180981298506e-08
gaudy,851,5,3.4389536500772983e-07
gauge,49170,5,1.986995898640432e-05
gaunt,2722,5,1.099980239190412e-06
gauze,1012,5,4.0895665027946253e-07
gavel,659,5,2.663067515159741e-07
gawky,103,5,4.1623058279431464e-08
gayer,224,5,9.052004907371503e-08
gayly,22,5,8.890361962597012e-09
gazer,142,5,5.7383245394944345e-08
gecko,8546,5,3.453501515107003e-06
geeky,484,5,1.9558796317713425e-07
geese,6975,5,2.8186488495051887e-06
genie,6884,5,2.781875079568992e-06
genre,80933,5,3.270562112358472e-05
ghost,56241,5,2.272740214265539e-05
ghoul,1194,5,4.82504190151856e-07
giant,76612,5,3.095947321265828e-05
giddy,890,5,3.5965555212324276e-07
gipsy,1942,5,7.847764968801543e-07
girly,505,5,2.0407421777779504e-07
girth,1808,5,7.306261103806998e-07
given,703981,5,0.0002844839047632276
giver,1326,5,5.35846361927438e-07
glade,1931,5,7.803313158988559e-07
gland,8989,5,3.6325210764447518e-06
glare,1859,5,7.512355858394475e-07
glass,134703,5,5.443447397489569e-05
glaze,3120,5,1.2608149692410307e-06
gleam,490,5,1.9801260734875162e-07
glean,552,5,2.2306726378879773e-07
glide,4947,5,1.9991191194985188e-06
glint,343,5,1.3860882514412614e-07
gloat,181,5,7.314343251045723e-08
globe,56366,5,2.2777915562897417e-05
gloom,1670,5,6.748592944335004e-07
glory,36028,5,1.4559180035838414e-05
gloss,3496,5,1.4127593373290524e-06
glove,8534,5,3.448652226763768e-06
glyph,1860,5,7.516396932013837e-07
gnash,149,5,6.021199692849794e-08
gnome,4469,5,1.805955800493002e-06
godly,1201,5,4.853329416854096e-07
going,281509,5,0.00011375985935130555
golem,1519,5,6.1383908278113e-07
golly,366,5,1.4790329446865936e-07
gonad,349,5,1.410334693157435e-07
goner,137,5,5.536270858526321e-08
goody,1272,5,5.140245643828818e-07
gooey,358,5,1.4467043557316954e-07
goofy,3469,5,1.4018484385567743e-06
goose,13279,5,5.366141659151169e-06
gorge,17987,5,7.2686791191469294e-06
gouge,644,5,2.602451410869307e-07
gourd,2256,5,9.116662085281299e-07
grace,70431,5,2.846168560853046e-05
grade,169812,5,6.862227934511472e-05
graft,3823,5,1.5449024446821988e-06
grail,3902,5,1.576826926275161e-06
grain,41492,5,1.6767222661457964e-05
grand,416248,5,0.00016820888119123095
grant,162315,5,6.559268645267882e-05
grape,17870,5,7.221398557800391e-06
graph,35872,5,1.4496139287376363e-05
grasp,7301,5,2.950387849496399e-06
grass,52293,5,2.113198627773116e-05
grate,1479,5,5.976747883036809e-07
grave,58426,5,2.3610376728486046e-05
gravy,2194,5,8.866115520880838e-07
graze,2395,5,9.678371318372656e-07
great,772017,5,0.00031197775323992075
greed,6360,5,2.5701228219144088e-06
green,394598,5,0.0001594599568053116
greet,4405,5,1.7800929293290835e-06
grief,13552,5,5.476462968959759e-06
grill,7907,5,3.195276910829753e-06
grime,2464,5,9.957205398108652e-07
grimy,455,5,1.8386884968098365e-07
grind,4383,5,1.7712025673664864e-06
gripe,293,5,1.1840345704731474e-07
groan,402,5,1.6245115949836358e-07
groin,5383,5,2.1753099293027144e-06
groom,8482,5,3.427638643943084e-06
grope,193,5,7.799272085369197e-08
gross,43865,5,1.772616943133263e-05
group,1600847,5,0.0006469140580335244
grout,1019,5,4.117854018130161e-07
grove,54425,5,2.1993543173379197e-05
growl,931,5,3.7622395396262807e-07
grown,81855,5,3.3078208111289924e-05
gruel,441,5,1.7821134661387645e-07
gruff,1410,5,5.697913803300812e-07
grunt,1156,5,4.671481103982793e-07
guard,178734,5,7.222772522830974e-05
guava,1382,5,5.584763741958668e-07
guess,11806,5,4.770891515019105e-06
guest,148308,5,5.993235463403807e-05
guide,96971,5,3.918669499431794e-05
guild,42334,5,1.7107481060208267e-05
guile,877,5,3.544021564180718e-07
guilt,17568,5,7.09935813449565e-06
guise,10684,5,4.317483054926658e-06
gulch,3346,5,1.352143233038618e-06
gully,5375,5,2.172077070407224e-06
gumbo,839,5,3.3904607666449514e-07
gummy,756,5,3.0550516562378823e-07
guppy,1158,5,4.6795632512215176e-07
gusto,1358,5,5.487777975093973e-07
gusty,1136,5,4.5906596315955476e-07
gypsy,9930,5,4.012786104026742e-06
habit,18300,5,7.3951647234329685e-06
hairy,15887,5,6.420053659080851e-06
halve,701,5,2.8327926071729566e-07
handy,4409,5,1.7817093587768284e-06
happy,80205,5,3.241143096409515e-05
hardy,30212,5,1.2208891618817314e-05
harem,4774,5,1.9292085458835516e-06
harpy,796,5,3.216694601012373e-07
harry,124699,5,5.039178392608567e-05
harsh,28416,5,1.148311479677985e-05
haste,2832,5,1.1444320490033971e-06
hasty,3474,5,1.4038689753664553e-06
hatch,19957,5,8.064770622161298e-06
hater,552,5,2.2306726378879773e-07
haunt,3861,5,1.5602585244357756e-06
haute,6577,5,2.6578141194545703e-06
haven,38797,5,1.567815332103983e-05
havoc,6656,5,2.689738601047532e-06
hazel,10918,5,4.412044177619735e-06
heady,1095,5,4.4249756132016945e-07
heard,124551,5,5.033197603651911e-05
heart,244529,5,9.881596910690385e-05
heath,35256,5,1.4247209152423648e-05
heave,726,5,2.933819447657014e-07
heavy,237831,5,9.610925799665499e-05
hedge,9744,5,3.937622134706604e-06
hefty,1820,5,7.354753987239346e-07
heist,5177,5,2.0920638127438515e-06
helix,6228,5,2.5167806501388267e-06
hello,15471,5,6.25194499651538e-06
hence,76837,5,3.105039736909394e-05
heron,7395,5,2.9883739415184044e-06
hilly,10694,5,4.32152412854602e-06
hinge,3372,5,1.3626500244489601e-06
hippo,3243,5,1.3105201747591866e-06
hippy,855,5,3.455117944554748e-07
hitch,3140,5,1.2688971164797552e-06
hoard,5246,5,2.119947220717451e-06
hobby,12116,5,4.896164797219336e-06
hoist,2877,5,1.1626168802905274e-06
holly,20808,5,8.408665987169028e-06
homer,24684,5,9.974986122033846e-06
honey,27053,5,1.093231646246077e-05
honor,176311,5,7.124857309033825e-05
horde,6164,5,2.4909177789749083e-06
horny,1277,5,5.160451011925629e-07
horse,163538,5,6.608690975632682e-05
hotel,240635,5,9.724237503952418e-05
hotly,2621,5,1.059165395634853e-06
hound,5646,5,2.281590165491942e-06
house,1409956,5,0.000569773599606156
hovel,209,5,8.44584386446716e-08
hover,2384,5,9.63391950855967e-07
howdy,782,5,3.160119570341301e-07
human,500493,5,0.00020225290589754845
humid,24106,5,9.741412066834707e-06
humor,29590,5,1.195753683969298e-05
humph,39,5,1.5760187115512884e-08
humus,1116,5,4.509838159208302e-07
hunch,620,5,2.5054656440046125e-07
hunky,582,5,2.3519048464688458e-07
hurry,4302,5,1.738469871049652e-06
husky,3740,5,1.5113615336414919e-06
hussy,151,5,6.10202116523704e-08
hutch,1835,5,7.41537009152978e-07
hydro,8860,5,3.5803912267549785e-06
hyena,1882,5,7.605300551639807e-07
hymen,591,5,2.3882745090431063e-07
hyper,2875,5,1.161808665566655e-06
icily,62,5,2.5054656440046124e-08
icing,2286,5,9.237894293862168e-07
ideal,51560,5,2.0835775581431905e-05
idiom,4550,5,1.8386884968098364e-06
idiot,3840,5,1.5517722698351148e-06
idler,836,5,3.378337545786864e-07
idyll,791,5,3.196489232915562e-07
igloo,933,5,3.770321686865005e-07
iliac,1141,5,4.610864999692359e-07
image,167337,5,6.762211362432255e-05
imbue,556,5,2.2468369323654266e-07
impel,190,5,7.678039876788328e-08
imply,11499,5,4.6468305549046835e-06
inane,500,5,2.020536809681139e-07
inbox,537,5,2.1700565335975434e-07
incur,2596,5,1.0490627115864473e-06
index,73948,5,2.9882931200460172e-05
inept,2481,5,1.0025903649637811e-06
inert,4558,5,1.8419213557053262e-06
infer,3406,5,1.3763896747547918e-06
ingot,527,5,2.1296457974039204e-07
inlay,1263,5,5.103875981254557e-07
inlet,17969,5,7.261405186632078e-06
inner,96202,5,3.887593643298899e-05
input,50507,5,2.0410250529313057e-05
inter,21195,5,8.565055536238348e-06
intro,8144,5,3.291050355608639e-06
ionic,9519,5,3.846697978270952e-06
irate,1129,5,4.562372116260012e-07
irony,6298,5,2.5450681654743626e-06
islet,5514,5,2.22824799371636e-06
issue,273713,5,0.00011060943835765071
itchy,1251,5,5.05538309782221e-07
ivory,24685,5,9.975390229395782e-06
jaunt,345,5,1.394170398679986e-07
jazzy,2820,5,1.1395827606601624e-06
jelly,5811,5,2.34826788021142e-06
jerky,1206,5,4.873534784950908e-07
jetty,4960,5,2.00437251520369e-06
jewel,12835,5,5.186717990451484e-06
jiffy,332,5,1.3416364416282762e-07
joint,187783,5,7.588449274647067e-05
joist,234,5,9.45611226930773e-08
joker,8037,5,3.247810867881463e-06
jolly,6656,5,2.689738601047532e-06
joust,675,5,2.7277246930695376e-07
judge,211878,5,8.562145963232408e-05
juice,17302,5,6.9918655762206135e-06
juicy,2958,5,1.1953495766073619e-06
jumbo,3606,5,1.4572111471420374e-06
jumpy,318,5,1.2850614109572045e-07
junta,12358,5,4.993958778807903e-06
junto,441,5,1.7821134661387645e-07
juror,3153,5,1.2741505121849262e-06
kappa,16171,5,6.5348201498707395e-06
karma,8625,5,3.4854259966999647e-06
kayak,3564,5,1.440238637940716e-06
kebab,1220,5,4.930109815621979e-07
khaki,2450,5,9.90063036743758e-07
kinky,1232,5,4.978602699054326e-07
kiosk,3703,5,1.4964095612498515e-06
kitty,12544,5,5.069122748128041e-06
knack,2828,5,1.1428156195556522e-06
knave,700,5,2.8287515335535943e-07
knead,133,5,5.37462791375183e-08
kneed,135,5,5.455449386139075e-08
kneel,1503,5,6.073733649901503e-07
knelt,1011,5,4.085525429175263e-07
knife,27225,5,1.1001822928713802e-05
knock,13597,5,5.494647800246889e-06
knoll,4715,5,1.905366211529314e-06
known,2068921,5,0.0008360662073644623
koala,1750,5,7.071878833883987e-07
krill,1392,5,5.625174478152291e-07
label,204080,5,8.247023042394537e-05
labor,160271,5,6.476669100488116e-05
laden,10144,5,4.099265079481095e-06
ladle,580,5,2.3438226992301213e-07
lager,3568,5,1.4418550673884608e-06
lance,19628,5,7.931819300084279e-06
lanky,521,5,2.105399355687747e-07
lapel,1083,5,4.376482729769347e-07
lapse,3624,5,1.4644850796568896e-06
large,904716,5,0.0003656023960614963
larva,7499,5,3.030401107159772e-06
lasso,2442,5,9.868301778482682e-07
latch,1752,5,7.079960981122711e-07
later,2571348,5,0.0010391006568999954
lathe,2261,5,9.136867453378111e-07
latte,1000,5,4.041073619362278e-07
laugh,11950,5,4.829082975137922e-06
layer,63144,5,2.551695526210117e-05
leach,7371,5,2.978675364831935e-06
leafy,3085,5,1.2466712115732627e-06
leaky,1681,5,6.79304475414799e-07
leant,164,5,6.627360735754136e-08
leapt,1392,5,5.625174478152291e-07
learn,82662,5,3.340432275237246e-05
lease,38516,5,1.556459915233575e-05
leash,1266,5,5.115999202112643e-07
least,390638,5,0.00015785969165204414
leave,229557,5,9.276567368399464e-05
ledge,4103,5,1.6580525060243426e-06
leech,3394,5,1.371540386411557e-06
leery,257,5,1.0385559201761055e-07
lefty,2537,5,1.02522037723221e-06
legal,310376,5,0.00012542522656831863
leggy,135,5,5.455449386139075e-08
lemon,13398,5,5.41423043522158e-06
lemur,3534,5,1.428115417082629e-06
leper,1785,5,7.213316410561666e-07
level,554829,5,0.00022421048351571534
lever,11564,5,4.673097533430538e-06
libel,8975,5,3.6268635733776444e-06
liege,1630,5,6.586949999560513e-07
light,439106,5,0.00017744596727036925
liken,433,5,1.7497848771838663e-07
lilac,3195,5,1.2911230213862479e-06
limbo,3983,5,1.6095596225919952e-06
limit,90447,5,3.6550298565046e-05
linen,8133,5,3.2866051746273405e-06
liner,32206,5,1.3014681698518152e-05
lingo,1156,5,4.671481103982793e-07
lipid,7023,5,2.838046002878128e-06
lithe,373,5,1.5073204600221296e-07
liver,30406,5,1.2287288447032943e-05
livid,758,5,3.063133803476607e-07
llama,1305,5,5.273601073267773e-07
loamy,1269,5,5.128122422970731e-07
loath,472,5,1.9073867483389952e-07
lobby,23649,5,9.556735002429851e-06
local,1106221,5,0.00044703205002845586
locus,8856,5,3.578774797307233e-06
lodge,57873,5,2.338690535733531e-05
lofty,4391,5,1.7744354262619762e-06
logic,44154,5,1.7842956458932203e-05
login,1837,5,7.423452238768504e-07
loopy,453,5,1.830606349571112e-07
loose,34744,5,1.4040306183112299e-05
lorry,3873,5,1.5651078127790103e-06
loser,11095,5,4.4835711806824475e-06
louse,1070,5,4.323948772717637e-07
lousy,815,5,3.2934749997802564e-07
lover,37242,5,1.5049766373228995e-05
lower,390302,5,0.00015772391157843358
lowly,2815,5,1.1375622238504812e-06
loyal,36989,5,1.494752721065913e-05
lucid,3089,5,1.2482876410210076e-06
lucky,29119,5,1.1767202272221018e-05
lumen,3086,5,1.247075318935199e-06
lumpy,885,5,3.576350153135616e-07
lunar,30631,5,1.2378212603468593e-05
lunch,22264,5,8.997046306148176e-06
lunge,702,5,2.8368336807923194e-07
lupus,4417,5,1.7849422176723182e-06
lurch,542,5,2.1902619016943546e-07
lurid,1350,5,5.455449386139075e-07
lusty,712,5,2.877244416985942e-07
lying,40622,5,1.6415649256573445e-05
lymph,5009,5,2.024173775938565e-06
lyric,21020,5,8.494336747899509e-06
macaw,1493,5,6.033322913707881e-07
macho,2787,5,1.126247217716267e-06
macro,5064,5,2.0463996808450574e-06
madam,4560,5,1.8427295704291986e-06
madly,1607,5,6.494005306315181e-07
mafia,18849,5,7.617019665135958e-06
magic,95312,5,3.851628088086574e-05
magma,7413,5,2.9956478740332566e-06
maize,11906,5,4.811302251212728e-06
major,985801,5,0.0003983694415040953
maker,29922,5,1.2091700483855807e-05
mambo,2524,5,1.0199669815270389e-06
mamma,1986,5,8.025572208053484e-07
mammy,853,5,3.447035797316023e-07
manga,59716,5,2.4131675225383778e-05
mange,419,5,1.6932098465127946e-07
mango,7410,5,2.994435551947448e-06
mangy,106,5,4.2835380365240145e-08
mania,5883,5,2.377363610270828e-06
manic,3956,5,1.5986487238197173e-06
manly,8955,5,3.61878142613892e-06
manor,72103,5,2.9137353117687833e-05
maple,29776,5,1.2032700809013119e-05
march,1471150,5,0.0005945025455124815
marry,65735,5,2.6563997436877934e-05
marsh,36459,5,1.4733350308832929e-05
mason,49941,5,2.0181525762457153e-05
masse,4112,5,1.6616894722817687e-06
match,600821,5,0.00024279618930588633
matey,102,5,4.121895091749523e-08
mauve,1887,5,7.625505919736619e-07
maxim,10309,5,4.1659427942005725e-06
maybe,20264,5,8.18883158227572e-06
mayor,245503,5,9.920956967742973e-05
mealy,539,5,2.178138680836268e-07
meant,140229,5,5.6667571256955285e-05
meaty,681,5,2.751971134785711e-07
mecca,12163,5,4.915157843230338e-06
medal,367733,5,0.00014860361252689485
media,530775,5,0.0002144900850317013
medic,3001,5,1.2127261931706196e-06
melee,4862,5,1.9647699937339393e-06
melon,3874,5,1.5655119201409464e-06
mercy,27512,5,1.1117801741589498e-05
merge,23100,5,9.334880060726861e-06
merit,48298,5,1.951757736679593e-05
merry,10058,5,4.064511846354579e-06
metal,194797,5,7.871890178309137e-05
meter,32046,5,1.2950024520608356e-05
metro,105307,5,4.255533396341834e-05
micro,11825,5,4.778569554895894e-06
midge,2235,5,9.031799539274691e-07
midst,16607,5,6.711010959674935e-06
might,227193,5,9.18103638803774e-05
milky,7417,5,2.9972643034810015e-06
mimic,8732,5,3.5286654844271413e-06
mince,543,5,2.1943029753137169e-07
miner,11338,5,4.581769269632951e-06
minim,331,5,1.337595368008914e-07
minor,249824,5,0.00010095571758835617
minty,758,5,3.063133803476607e-07
minus,10866,5,4.391030594799051e-06
mirth,772,5,3.119708834147679e-07
miser,974,5,3.936005705258859e-07
missy,3646,5,1.4733754416194866e-06
mocha,1161,5,4.691686472079605e-07
modal,5182,5,2.0940843495535325e-06
model,409372,5,0.00016543023897055745
modem,4120,5,1.6649223311772585e-06
mogul,3222,5,1.302033920158526e-06
moist,22519,5,9.100093683441914e-06
molar,6303,5,2.5470887022840436e-06
moldy,403,5,1.628552668602998e-07
money,331591,5,0.00013399836425179572
month,264805,5,0.0001070096499775228
moody,14880,5,6.0131175456110696e-06
moose,13137,5,5.308758413756225e-06
moral,62612,5,2.5301970145551093e-05
moron,709,5,2.865121196127855e-07
morph,2770,5,1.119377392563351e-06
mossy,1432,5,5.786817422926782e-07
motel,9064,5,3.6628291285899687e-06
motif,19526,5,7.890600349166783e-06
motor,124285,5,5.022448347824407e-05
motto,24909,5,1.0065910278469498e-05
moult,1362,5,5.503942269571422e-07
mound,23730,5,9.589467698746686e-06
mount,205123,5,8.289171440244485e-05
mourn,2408,5,9.730905275424366e-07
mouse,37973,5,1.534516885480438e-05
mouth,87152,5,3.5218764807466125e-05
mover,3863,5,1.561066739159648e-06
movie,246616,5,9.965934117126476e-05
mower,1734,5,7.00722165597419e-07
mucky,289,5,1.1678702759956983e-07
mucus,2974,5,1.2018152943983415e-06
muddy,9959,5,4.024505217522893e-06
mulch,1118,5,4.5179203064470267e-07
mummy,5707,5,2.306240714570052e-06
munch,2380,5,9.617755214082221e-07
mural,20700,5,8.365022392079915e-06
murky,1744,5,7.047632392167813e-07
mushy,369,5,1.4911561655446807e-07
music,1560672,5,0.0006306790447677365
musky,366,5,1.4790329446865936e-07
musty,305,5,1.2325274539054947e-07
myrrh,1001,5,4.04511469298164e-07
nadir,3386,5,1.3683075275160673e-06
naive,6145,5,2.48323973909812e-06
nanny,5209,5,2.1049952483258107e-06
nasal,12931,5,5.2255122971973614e-06
nasty,6270,5,2.5337531593401483e-06
natal,10791,5,4.360722542653834e-06
naval,216157,5,8.735063503404919e-05
navel,1856,5,7.500232637536388e-07
needy,4988,5,2.0156875213379043e-06
neigh,82,5,3.313680367877068e-08
nerdy,998,5,4.0329914721235534e-07
nerve,28064,5,1.1340869005378297e-05
never,490917,5,0.00019838317379964715
newer,32116,5,1.2978312035943892e-05
newly,170085,5,6.87326006549233e-05
nicer,722,5,2.917655153179565e-07
niche,14320,5,5.786817422926782e-06
niece,19792,5,7.998092907441821e-06
night,432670,5,0.00017484513228894767
ninja,13992,5,5.6542702082116995e-06
ninny,60,5,2.4246441716173668e-08
ninth,82364,5,3.3283898758515466e-05
noble,59900,5,2.4206030979980044e-05
nobly,396,5,1.600265153267462e-07
noise,51352,5,2.075172125014917e-05
noisy,6280,5,2.5377942329595104e-06
nomad,3437,5,1.3889170029748149e-06
noose,1650,5,6.667771471947759e-07
north,1628051,5,0.0006579073947076376
nosey,167,5,6.748592944335005e-08
notch,7781,5,3.1443593832257886e-06
novel,351819,5,0.00014217264796904174
nudge,645,5,2.606492484488669e-07
nurse,38978,5,1.5751296753550287e-05
nutty,1245,5,5.031136656106036e-07
nylon,5269,5,2.129241690041984e-06
nymph,3648,5,1.474183656343359e-06
oaken,386,5,1.5598544170738394e-07
obese,3856,5,1.5582379876260944e-06
occur,124150,5,5.016992898438268e-05
ocean,160987,5,6.50560318760275e-05
octal,557,5,2.2508780059847888e-07
octet,1560,5,6.304074846205153e-07
odder,340,5,1.3739650305831744e-07
oddly,3488,5,1.4095264784335626e-06
offal,796,5,3.216694601012373e-07
offer,166110,5,6.71262738912268e-05
often,807057,5,0.0003261376752021662
olden,1421,5,5.742365613113797e-07
older,289930,5,0.00011716284744617053
olive,28856,5,1.166092203603179e-05
ombre,282,5,1.1395827606601624e-07
omega,13743,5,5.553647475089579e-06
onion,8979,5,3.6284800028253893e-06
onset,21530,5,8.700431502486984e-06
opera,196867,5,7.955540402229936e-05
opine,426,5,1.7214973618483303e-07
opium,10546,5,4.261716238979458e-06
optic,7851,5,3.1726468985613245e-06
orbit,47387,5,1.9149435560072028e-05
order,925052,5,0.00037382032337383137
organ,77828,5,3.1450867764772737e-05
other,3580154,5,0.0014467665882654337
otter,9301,5,3.7586025733688547e-06
ought,10939,5,4.420530432220396e-06
ounce,2507,5,1.0130971563741232e-06
outdo,626,5,2.529712085720786e-07
outer,81622,5,3.2984051095958785e-05
outgo,14,5,5.657503067107189e-09
ovary,4392,5,1.7748395336239125e-06
ovate,3892,5,1.5727858526557987e-06
overt,5547,5,2.2415835366602557e-06
ovine,178,5,7.193111042464855e-08
ovoid,2653,5,1.0720968312168124e-06
owing,34129,5,1.3791780155521518e-05
owner,170407,5,6.886272322546677e-05
oxide,18591,5,7.512759965756411e-06
ozone,6916,5,2.7948065151509514e-06
paddy,14440,5,5.835310306359129e-06
pagan,17803,5,7.194323364550663e-06
paint,52049,5,2.103338408141872e-05
paler,6924,5,2.798039374046441e-06
palsy,5212,5,2.1062075704116195e-06
panel,83380,5,3.369447183824267e-05
panic,22242,5,8.988155944185578e-06
pansy,1023,5,4.1340183126076106e-07
papal,30992,5,1.2524095361127571e-05
paper,207772,5,8.396219480421392e-05
parer,165,5,6.667771471947759e-08
parka,1297,5,5.241272484312874e-07
parry,9249,5,3.737588990548171e-06
parse,1239,5,5.006890214389863e-07
party,1145987,5,0.00046310178338321187
pasta,4690,5,1.8952635274809083e-06
paste,11071,5,4.473872603995978e-06
pasty,489,5,1.976084999868154e-07
patch,26238,5,1.0602968962482744e-05
patio,3555,5,1.4366016716832898e-06
patsy,5184,5,2.0948925642774047e-06
patty,7978,5,3.223968533527225e-06
pause,7288,5,2.945134453791228e-06
payee,384,5,1.5517722698351146e-07
payer,1093,5,4.41689346596297e-07
peace,216061,5,8.731184072730332e-05
peach,9639,5,3.8951908617033e-06
pearl,53460,5,2.1603579569110738e-05
pecan,1588,5,6.417224907547297e-07
pedal,10163,5,4.106943119357883e-06
penal,15710,5,6.348526656018139e-06
pence,6929,5,2.800059910856122e-06
penne,746,5,3.0146409200442593e-07
penny,18910,5,7.641670214214068e-06
perch,7178,5,2.9006826439782433e-06
peril,3733,5,1.5085327821079384e-06
perky,639,5,2.5822460427724957e-07
pesky,479,5,1.9356742636745312e-07
pesto,341,5,1.3780061042025367e-07
petal,3267,5,1.3202187514456562e-06
petty,19802,5,8.002133981061182e-06
phase,153220,5,6.191732999586882e-05
phone,79828,5,3.225908248864519e-05
phony,1563,5,6.31619806706324e-07
photo,49975,5,2.0195265412762984e-05
piano,126995,5,5.1319614429091245e-05
picky,335,5,1.3537596624863632e-07
piece,141744,5,5.727979391028867e-05
piety,6189,5,2.501020463023314e-06
piggy,1555,5,6.283869478108342e-07
pilot,133408,5,5.3911154941188276e-05
pinch,6552,5,2.6477114354061643e-06
piney,1824,5,7.370918281716795e-07
pinky,2866,5,1.1581716993092288e-06
pinto,8457,5,3.4175359598946785e-06
piper,15401,5,6.223657481179844e-06
pique,868,5,3.507651901606457e-07
pitch,65675,5,2.653975099516176e-05
pithy,523,5,2.1134815029264714e-07
pivot,5795,5,2.3418021624204402e-06
pixel,9949,5,4.02046414390353e-06
pixie,1900,5,7.678039876788328e-07
pizza,15832,5,6.397827754174359e-06
place,1213817,5,0.0004905123857433463
plaid,4094,5,1.6544155397669167e-06
plain,71458,5,2.8876703869238965e-05
plait,402,5,1.6245115949836358e-07
plane,85489,5,3.454673426456618e-05
plank,6048,5,2.444041324990306e-06
plant,332356,5,0.00013430750638367692
plate,78646,5,3.178142758683657e-05
plaza,53804,5,2.17425925016168e-05
plead,4683,5,1.8924347759473548e-06
pleat,320,5,1.293143558195929e-07
plied,1176,5,4.752302576370039e-07
plier,23,5,9.29446932453324e-09
pluck,1186,5,4.792713312563662e-07
plumb,2323,5,9.387414017778572e-07
plume,5569,5,2.2504738986228524e-06
plump,2394,5,9.674330244753293e-07
plunk,151,5,6.10202116523704e-08
plush,2255,5,9.112621011661937e-07
poesy,159,5,6.425307054786022e-08
point,648507,5,0.00026206645296717726
poise,998,5,4.0329914721235534e-07
poker,22205,5,8.973203971793938e-06
polar,27723,5,1.1203068394958043e-05
polka,3765,5,1.5214642176898976e-06
polyp,1070,5,4.323948772717637e-07
pooch,470,5,1.8993046011002707e-07
poppy,7595,5,3.06919541390565e-06
porch,25035,5,1.0116827806073463e-05
poser,380,5,1.5356079753576656e-07
posit,1448,5,5.851474600836579e-07
posse,6430,5,2.5984103372499447e-06
pouch,4517,5,1.8253529538659409e-06
pound,20409,5,8.247427149756473e-06
pouty,64,5,2.586287116391858e-08
power,751846,5,0.00030382650364230515
prank,5075,5,2.050844861826356e-06
prawn,1611,5,6.51016960079263e-07
preen,330,5,1.3335542943895517e-07
press,311545,5,0.0001258976280744221
price,161956,5,6.544761190974371e-05
prick,899,5,3.632925183806688e-07
pride,48641,5,1.9656186191940056e-05
pried,171,5,6.910235889109495e-08
prime,265842,5,0.00010742870931185067
primo,4374,5,1.7675656011090604e-06
print,75767,5,3.061800249182217e-05
prior,373973,5,0.0001511252424653769
prism,7642,5,3.088188459916653e-06
privy,19745,5,7.979099861430819e-06
prize,243226,5,9.828941721430094e-05
probe,16588,5,6.703332919798147e-06
prone,18031,5,7.286459843072124e-06
prong,1424,5,5.754488833971884e-07
proof,48572,5,1.9628302783966457e-05
prose,26033,5,1.0520126953285818e-05
proud,24751,5,1.0002061315283575e-05
prove,54944,5,2.22032748942241e-05
prowl,505,5,2.0407421777779504e-07
proxy,8573,5,3.464412413879281e-06
prude,208,5,8.405433128273538e-08
prune,740,5,2.990394478328086e-07
psalm,8874,5,3.5860487298220854e-06
pubic,2034,5,8.219543741782873e-07
pudgy,279,5,1.1274595398020755e-07
puffy,1068,5,4.315866625478913e-07
pulpy,299,5,1.208281012189321e-07
pulse,19166,5,7.745121698869741e-06
punch,19014,5,7.683697379855436e-06
pupil,24228,5,9.790713164990927e-06
puppy,5003,5,2.0217491317669478e-06
puree,231,5,9.334880060726862e-08
purer,731,5,2.954024815753825e-07
purge,8767,5,3.5428092420949092e-06
purse,10511,5,4.2475724813116906e-06
pushy,350,5,1.4143757667767972e-07
putty,956,5,3.863266380110338e-07
pygmy,5593,5,2.2601724753093222e-06
quack,1193,5,4.821000827899197e-07
quail,3760,5,1.5194436808802166e-06
quake,5561,5,2.2472410397273626e-06
qualm,61,5,2.4650549078109896e-08
quark,3389,5,1.369519849601876e-06
quart,799,5,3.22881782187046e-07
quash,955,5,3.859225306490975e-07
quasi,1267,5,5.120040275732006e-07
queen,236886,5,9.572737653962526e-05
queer,15927,5,6.4362179535583e-06
quell,4219,5,1.704928960008945e-06
query,7659,5,3.0950582850695685e-06
quest,33737,5,1.3633370069642517e-05
queue,6711,5,2.7119645059540246e-06
quick,48022,5,1.940604373490153e-05
quiet,35483,5,1.433894152358317e-05
quill,4031,5,1.6289567759649342e-06
quilt,3038,5,1.22767816556226e-06
quirk,1775,5,7.172905674368043e-07
quite,119207,5,4.8172426294331905e-05
quota,14618,5,5.907241416783778e-06
quote,14529,5,5.871275861571454e-06
quoth,65,5,2.6266978525854808e-08
rabbi,50641,5,2.046440091581251e-05
rabid,1324,5,5.350381472035656e-07
racer,17374,5,7.020961306280022e-06
radar,58216,5,2.3525514182479437e-05
radii,2491,5,1.0066314385831434e-06
radio,605641,5,0.0002447439867904189
rainy,14713,5,5.94563161616772e-06
raise,89812,5,3.629369039021649e-05
rajah,3390,5,1.3699239569638122e-06
rally,62370,5,2.520417616396253e-05
ralph,53235,5,2.1512655412675087e-05
ramen,1889,5,7.633588066975343e-07
ranch,42841,5,1.7312363492709934e-05
randy,24586,5,9.935383600564096e-06
range,447563,5,0.00018086350323026393
rapid,93974,5,3.797558523059507e-05
rarer,3656,5,1.4774165152388488e-06
raspy,740,5,2.990394478328086e-07
ratio,76076,5,3.074287166666047e-05
ratty,248,5,1.002186257601845e-07
raven,14792,5,5.977556097760682e-06
rayon,5838,5,2.359178778983698e-06
razor,5933,5,2.3975689783676395e-06
reach,196035,5,7.921918669716841e-05
react,13795,5,5.574661057910262e-06
ready,74748,5,3.0206217090009155e-05
realm,32071,5,1.2960127204656762e-05
rearm,395,5,1.5962240796480999e-07
rebar,875,5,3.5359394169419933e-07
rebel,44626,5,1.8033695133766102e-05
rebus,1502,5,6.069692576282141e-07
rebut,644,5,2.602451410869307e-07
recap,2164,5,8.744883312299969e-07
recur,1545,5,6.24345874191472e-07
recut,560,5,2.2630012268428756e-07
reedy,1521,5,6.146472975050025e-07
refer,433126,5,0.0001750294052459906
refit,8890,5,3.592514447613065e-06
regal,7414,5,2.9960519813951927e-06
rehab,5526,5,2.2330972820595946e-06
reign,113410,5,4.582981591718759e-05
relax,5257,5,2.1243924016987495e-06
relay,57613,5,2.3281837443231893e-05
relic,7053,5,2.8501692237362145e-06
remit,3801,5,1.536012082719602e-06
renal,8206,5,3.316105012048685e-06
renew,12909,5,5.216621935234764e-06
repay,6094,5,2.4626302636393724e-06
repel,4874,5,1.9696192820771745e-06
reply,16420,5,6.63544288299286e-06
rerun,2307,5,9.322756839868775e-07
reset,6303,5,2.5470887022840436e-06
resin,8509,5,3.4385495427153622e-06
retch,52,5,2.1013582820683845e-08
retro,7758,5,3.1350649139012553e-06
retry,519,5,2.0973172084490221e-07
reuse,7304,5,2.951600171582208e-06
revel,1837,5,7.423452238768504e-07
revue,13091,5,5.290169475107158e-06
rhino,7199,5,2.909168898578904e-06
rhyme,8925,5,3.606658205280833e-06
rider,43749,5,1.767929297734803e-05
ridge,96564,5,3.90222232980099e-05
rifle,74754,5,3.0208641734180772e-05
right,551351,5,0.00022280499811090114
rigid,16554,5,6.6895932694923145e-06
rigor,2444,5,9.876383925721407e-07
rinse,898,5,3.6288841101873255e-07
ripen,1289,5,5.208943895357976e-07
riper,326,5,1.3173899999121027e-07
risen,15772,5,6.373581312458185e-06
riser,1288,5,5.204902821738614e-07
risky,7940,5,3.208612453773649e-06
rival,80771,5,3.2640155730951056e-05
river,1116799,5,0.0004513066977030173
rivet,1282,5,5.18065638002244e-07
roach,8723,5,3.525028518169715e-06
roast,3724,5,1.5048958158505123e-06
robin,62877,5,2.5409058596464195e-05
robot,28510,5,1.1521100888801855e-05
rocky,60104,5,2.4288468881815036e-05
rodeo,10920,5,4.412852392343607e-06
roger,85877,5,3.4703527920997434e-05
rogue,12807,5,5.175402984317269e-06
roomy,452,5,1.8265652759517495e-07
roost,3148,5,1.2721299753752452e-06
rotor,10182,5,4.114621159234671e-06
rouge,20924,5,8.45554244115363e-06
rough,45778,5,1.8499226814716636e-05
round,631394,5,0.00025515096368236264
rouse,4864,5,1.965578208457812e-06
route,585951,5,0.00023678711283389462
rover,16030,5,6.4778410118377315e-06
rowdy,3037,5,1.2272740582003237e-06
rower,13296,5,5.373011484304085e-06
royal,658459,5,0.0002660881294331666
ruddy,1779,5,7.189069968845493e-07
ruder,265,5,1.0708845091310037e-07
rugby,243389,5,9.835528671429654e-05
ruler,56344,5,2.276902520093482e-05
rumba,1912,5,7.726532760220676e-07
rumor,5997,5,2.4234318495315583e-06
rupee,1998,5,8.074065091485831e-07
rural,329440,5,0.00013312912931627089
rusty,8005,5,3.2348794322995033e-06
sadly,4812,5,1.9445646256371283e-06
safer,11533,5,4.660570205210515e-06
saint,268495,5,0.00010850080614306748
salad,6153,5,2.4864725979936097e-06
sally,24968,5,1.0089752612823736e-05
salon,24518,5,9.907904299952434e-06
salsa,6303,5,2.5470887022840436e-06
salty,3771,5,1.523888861861515e-06
salve,1347,5,5.443326165280989e-07
salvo,2530,5,1.0223916256986562e-06
sandy,48225,5,1.9488077529374587e-05
saner,154,5,6.223253373817907e-08
sappy,497,5,2.0084135888230522e-07
sassy,1867,5,7.544684447349373e-07
satin,3588,5,1.4499372146271853e-06
satyr,1377,5,5.564558373861857e-07
sauce,16150,5,6.5263338952700785e-06
saucy,840,5,3.3945018402643136e-07
sauna,2271,5,9.177278189571733e-07
saute,49,5,1.980126073487516e-08
savor,370,5,1.495197239164043e-07
savoy,15871,5,6.413587941289872e-06
savvy,1971,5,7.96495610376305e-07
scald,214,5,8.647897545435275e-08
scale,128874,5,5.207893216216942e-05
scalp,2980,5,1.2042399385699588e-06
scaly,2067,5,8.352899171221828e-07
scamp,519,5,2.0973172084490221e-07
scant,3003,5,1.213534407894492e-06
scare,8442,5,3.411474349465635e-06
scarf,3450,5,1.3941703986799859e-06
scary,6428,5,2.5976021225260725e-06
scene,210085,5,8.489689513237242e-05
scent,6776,5,2.7382314844798795e-06
scion,3176,5,1.2834449815094595e-06
scoff,180,5,7.273932514852101e-08
scold,485,5,1.9599207053907047e-07
scone,1569,5,6.340444508779414e-07
scoop,4039,5,1.632189634860424e-06
scope,63495,5,2.5658796946140784e-05
score,274652,5,0.00011098889517050883
scorn,1958,5,7.91242214671134e-07
scour,940,5,3.7986092022005415e-07
scout,49117,5,1.98485412962217e-05
scowl,116,5,4.6876453984602425e-08
scram,348,5,1.4062936195380727e-07
scrap,13719,5,5.5439488984031094e-06
scree,1089,5,4.4007291714855205e-07
screw,12650,5,5.111958128493282e-06
scrub,10770,5,4.352236288053173e-06
scrum,2508,5,1.0135012637360593e-06
scuba,6048,5,2.444041324990306e-06
sedan,13903,5,5.618304652999375e-06
seedy,1201,5,4.853329416854096e-07
segue,678,5,2.7398479139276244e-07
seize,16904,5,6.831030846169994e-06
semen,4090,5,1.6527991103191716e-06
sense,144813,5,5.8519999404070955e-05
sepia,1527,5,6.170719416766198e-07
serif,1403,5,5.669626287965275e-07
serum,9703,5,3.9210537328672185e-06
serve,233221,5,9.424632305812899e-05
setup,16279,5,6.578463744959852e-06
seven,481440,5,0.0001945534483305775
sever,2952,5,1.1929249324357445e-06
sewer,9083,5,3.670507168466757e-06
shack,5078,5,2.0520571839121647e-06
shade,18660,5,7.54064337373001e-06
shady,6995,5,2.8267309967439132e-06
shaft,27459,5,1.1096384051406879e-05
shake,12576,5,5.08205418371e-06
shaky,2532,5,1.0231998404225287e-06
shale,15199,5,6.142027794068726e-06
shall,60359,5,2.4391516259108773e-05
shalt,1245,5,5.031136656106036e-07
shame,12940,5,5.229149263454787e-06
shank,2351,5,9.500564079120716e-07
shape,126267,5,5.1025424269601676e-05
shard,1532,5,6.19092478486301e-07
share,170130,5,6.875078548621044e-05
shark,23749,5,9.597145738623474e-06
sharp,56874,5,2.298320210276102e-05
shave,2808,5,1.1347334723169277e-06
shawl,1802,5,7.282014662090825e-07
shear,15078,5,6.093130803274442e-06
sheen,6032,5,2.4375756071993262e-06
sheep,43235,5,1.747158179331281e-05
sheer,10916,5,4.411235962895863e-06
sheet,39376,5,1.5912131483600906e-05
sheik,2940,5,1.1880756440925096e-06
shelf,15228,5,6.153746907564877e-06
shell,82220,5,3.322570729839665e-05
shied,556,5,2.2468369323654266e-07
shift,65209,5,2.6351436964499478e-05
shine,13395,5,5.413018113135771e-06
shiny,7432,5,3.003325913910045e-06
shire,25751,5,1.0406168677219802e-05
shirk,846,5,3.418748281980487e-07
shirt,24606,5,9.94346574780282e-06
shoal,4580,5,1.8508117176679234e-06
shock,45405,5,1.8348494768714423e-05
shone,2042,5,8.251872330737771e-07
shook,5532,5,2.235521926231212e-06
shoot,51086,5,2.0644228691874134e-05
shore,94279,5,3.809883797598562e-05
shorn,722,5,2.917655153179565e-07
short,544770,5,0.00022014556756199882
shout,7666,5,3.097887036603122e-06
shove,1161,5,4.691686472079605e-07
shown,256990,5,0.00010385155094399119
showy,2091,5,8.449884938086523e-07
shrew,5524,5,2.2322890673357224e-06
shrub,24156,5,9.761617434931518e-06
shrug,414,5,1.673004478415983e-07
shuck,373,5,1.5073204600221296e-07
shunt,2244,5,9.068169201848951e-07
shush,439,5,1.77403131890004e-07
shyly,124,5,5.010931288009225e-08
siege,87125,5,3.5207853908693846e-05
sieve,2103,5,8.49837782151887e-07
sight,41208,5,1.6652456170668075e-05
sigma,18466,5,7.462246545514383e-06
silky,3616,5,1.4612522207613996e-06
silly,8354,5,3.375912901615247e-06
since,1719325,5,0.0006947918900610049
sinew,401,5,1.6204705213642733e-07
singe,543,5,2.1943029753137169e-07
siren,5186,5,2.0957007790012774e-06
sissy,1208,5,4.881616932189632e-07
sixth,174589,5,7.055270021308407e-05
sixty,19830,5,8.013448987195397e-06
skate,17471,5,7.060159720387835e-06
skier,13182,5,5.326943245043354e-06
skiff,1260,5,5.09175276039647e-07
skill,38998,5,1.5759378900789012e-05
skimp,66,5,2.6671085887791033e-08
skirt,7581,5,3.0635379108385428e-06
skulk,56,5,2.2630012268428756e-08
skull,37410,5,1.5117656410034281e-05
skunk,2787,5,1.126247217716267e-06
slack,3969,5,1.603902119524888e-06
slain,8394,5,3.3920771960926963e-06
slang,10226,5,4.132401883159865e-06
slant,6165,5,2.4913218863368444e-06
slash,6645,5,2.6852934200662335e-06
slate,24442,5,9.87719214044528e-06
sleek,2300,5,9.294469324533239e-07
sleep,52151,5,2.1074603032336216e-05
sleet,810,5,3.273269631683445e-07
slept,8049,5,3.2526601562246976e-06
slice,6569,5,2.6545812605590805e-06
slick,7170,5,2.8974497850827535e-06
slide,20581,5,8.316933616009504e-06
slime,3080,5,1.2446506747635817e-06
slimy,1004,5,4.057237913839727e-07
sling,2810,5,1.1355416870408002e-06
slink,129,5,5.2129849689773385e-08
sloop,8198,5,3.3128721531531954e-06
slope,32253,5,1.3033674744529154e-05
slosh,153,5,6.182842637624285e-08
sloth,2350,5,9.496523005501354e-07
slump,4782,5,1.9324414047790414e-06
slung,773,5,3.123749907767041e-07
slunk,47,5,1.8993046011002705e-08
slurp,69,5,2.7883407973599717e-08
slush,977,5,3.9481289261169457e-07
slyly,391,5,1.5800597851706506e-07
smack,1373,5,5.548394079384408e-07
small,915265,5,0.0003698653246225615
smart,42774,5,1.7285288299460207e-05
smash,15313,5,6.1880960333294564e-06
smear,3334,5,1.3472939446953834e-06
smell,12377,5,5.0016368186846915e-06
smelt,1533,5,6.194965858482372e-07
smile,15452,5,6.244266956638592e-06
smirk,223,5,9.01159417117788e-08
smite,440,5,1.7780723925194023e-07
smith,295233,5,0.00011930582878651833
smock,1682,5,6.797085827767352e-07
smoke,36678,5,1.4821849821096963e-05
smoky,5964,5,2.4100963065876625e-06
smote,164,5,6.627360735754136e-08
snack,6633,5,2.680444131722999e-06
snail,32566,5,1.3160160348815195e-05
snake,43466,5,1.7564930593920076e-05
snaky,97,5,3.9198414107814097e-08
snare,4016,5,1.6228951655358907e-06
snarl,318,5,1.2850614109572045e-07
sneak,6875,5,2.7782381133115663e-06
sneer,278,5,1.1234184661827133e-07
snide,376,5,1.5194436808802164e-07
sniff,876,5,3.5399804905613556e-07
snipe,2458,5,9.932958956392478e-07
snoop,4768,5,1.926783901711934e-06
snore,136,5,5.495860122332698e-08
snort,336,5,1.3578007361057255e-07
snout,13251,5,5.354826653016954e-06
snowy,8667,5,3.5023985059012864e-06
snuck,924,5,3.733952024290745e-07
snuff,2357,5,9.524810520836889e-07
soapy,684,5,2.764094355643798e-07
sober,5990,5,2.4206030979980046e-06
soggy,531,5,2.1458100918813696e-07
solar,93290,5,3.769917579503069e-05
solid,81540,5,3.2950914292280016e-05
solve,30977,5,1.2518033750698528e-05
sonar,7985,5,3.226797285060779e-06
sonic,24598,5,9.940232888907332e-06
sooth,85,5,3.434912576457936e-08
sooty,2228,5,9.003512023939155e-07
sorry,11482,5,4.639960729751768e-06
sound,301341,5,0.00012177411655322482
south,1875890,5,0.0007580609591825504
sower,436,5,1.7619080980419533e-07
space,441153,5,0.0001782731750402527
spade,3453,5,1.3953827207657947e-06
spank,466,5,1.8831403066228215e-07
spare,26717,5,1.0796536388850198e-05
spark,15153,5,6.12343885541966e-06
spasm,913,5,3.68950021447776e-07
spawn,5936,5,2.3987813004534482e-06
speak,85127,5,3.4400447399545264e-05
spear,11912,5,4.8137268953843454e-06
speck,1650,5,6.667771471947759e-07
speed,216271,5,8.739670327330992e-05
spell,47208,5,1.9077100342285442e-05
spelt,6765,5,2.733786303498581e-06
spend,57384,5,2.3189296857348495e-05
spent,326941,5,0.00013211926501879224
sperm,14335,5,5.7928790333558255e-06
spice,11404,5,4.608440355520742e-06
spicy,4358,5,1.7610998833180806e-06
spied,1261,5,5.095793834015832e-07
spiel,1013,5,4.0936075764139876e-07
spike,20950,5,8.466049232563972e-06
spiky,959,5,3.8753896009684247e-07
spill,10213,5,4.127148487454694e-06
spilt,627,5,2.533753159340148e-07
spine,14901,5,6.021603800211731e-06
spiny,5581,5,2.2553231869660875e-06
spire,12639,5,5.107512947511983e-06
spite,31721,5,1.2818689627979082e-05
splat,372,5,1.5032793864027674e-07
split,175703,5,7.100287581428104e-05
spoil,3321,5,1.3420405489902126e-06
spoke,81155,5,3.2795332957934566e-05
spoof,4669,5,1.8867772728802477e-06
spook,922,5,3.7258698770520205e-07
spool,1178,5,4.7603847236087636e-07
spoon,6278,5,2.536986018235638e-06
spore,3798,5,1.5347997606337931e-06
sport,170721,5,6.898961293711475e-05
spout,1154,5,4.6633989567440686e-07
spray,11352,5,4.587426772700058e-06
spree,5627,5,2.2739121256151536e-06
sprig,566,5,2.2872476685590493e-07
spunk,398,5,1.6083473005061866e-07
spurn,330,5,1.3335542943895517e-07
spurt,961,5,3.883471748207149e-07
squad,182174,5,7.361785455337036e-05
squat,3324,5,1.3432528710760212e-06
squib,516,5,2.0851939875909354e-07
stack,19296,5,7.797655655921452e-06
staff,350316,5,0.00014156527460405157
stage,467409,5,0.0001888834179352503
staid,637,5,2.574163895533771e-07
stain,5182,5,2.0940843495535325e-06
stair,6229,5,2.517184757500763e-06
stake,40799,5,1.648717625963616e-05
stale,2065,5,8.344817023983104e-07
stalk,6235,5,2.5196094016723804e-06
stall,9119,5,3.685055033496461e-06
stamp,26053,5,1.0528209100524542e-05
stand,128849,5,5.206882947812101e-05
stank,196,5,7.920504293950064e-08
stare,4342,5,1.754634165527101e-06
stark,20619,5,8.332289695763081e-06
start,359694,5,0.00014535499344428952
stash,1593,5,6.437430275644109e-07
state,2342495,5,0.0009466194747988039
stave,3961,5,1.6006692606293983e-06
stead,4660,5,1.8831403066228215e-06
steak,3910,5,1.5800597851706507e-06
steal,23807,5,9.620583965615775e-06
steam,96584,5,3.903030544524863e-05
steed,1932,5,7.807354232607921e-07
steel,151643,5,6.128005268609539e-05
steep,33169,5,1.3403837088062739e-05
steer,6235,5,2.5196094016723804e-06
stein,15783,5,6.378026493439483e-06
stern,32199,5,1.3011852946984599e-05
stick,29653,5,1.1982995603494963e-05
stiff,12123,5,4.898993548752889e-06
still,858073,5,0.0003467536163787048
stilt,1163,5,4.6997686193183294e-07
sting,13851,5,5.5972910701786915e-06
stink,1605,5,6.485923159076456e-07
stint,35864,5,1.4492906428480874e-05
stock,146644,5,5.925991998377619e-05
stoic,2422,5,9.787480306095438e-07
stoke,23073,5,9.323969161954584e-06
stole,16816,5,6.7954693983196064e-06
stomp,2258,5,9.124744232520024e-07
stone,288171,5,0.0001164520225965247
stony,14973,5,6.050699530271139e-06
stood,104431,5,4.22013359143622e-05
stool,4031,5,1.6289567759649342e-06
stoop,1206,5,4.873534784950908e-07
store,192870,5,7.794018689664026e-05
stork,3616,5,1.4612522207613996e-06
storm,154648,5,6.249439530871376e-05
story,533060,5,0.00021541347035372558
stout,9869,5,3.988135554948632e-06
stove,6358,5,2.5693146071905365e-06
strap,4624,5,1.8685924415931172e-06
straw,12360,5,4.994766993531776e-06
stray,7761,5,3.136277235987064e-06
strip,66207,5,2.6754736111711833e-05
strut,3005,5,1.2143426226183645e-06
stuck,22958,5,9.277496815331917e-06
study,469019,5,0.00018953403078796763
stuff,21843,5,8.826917106773024e-06
stump,5337,5,2.156720990653648e-06
stung,1492,5,6.029281840088519e-07
stunk,46,5,1.858893864906648e-08
stunt,14951,5,6.041809168308542e-06
style,523182,5,0.00021142169783251952
suave,1440,5,5.819146011881681e-07
sugar,81773,5,3.3045071307611155e-05
suing,2964,5,1.1977742207789792e-06
suite,32142,5,1.2988818827354233e-05
sulky,329,5,1.3295132207701895e-07
sully,3056,5,1.234952098077112e-06
sumac,875,5,3.5359394169419933e-07
sunny,17423,5,7.040762567014897e-06
super,220043,5,8.892099624253337e-05
surer,315,5,1.2729381900991175e-07
surge,17097,5,6.909023567023686e-06
surly,634,5,2.5620406746756845e-07
sushi,2827,5,1.142411512193716e-06
swami,10875,5,4.394667561056478e-06
swamp,21135,5,8.540809094522174e-06
swarm,5844,5,2.361603423155315e-06
swash,600,5,2.4246441716173665e-07
swath,1850,5,7.475986195820214e-07
swear,6400,5,2.5862871163918577e-06
sweat,7658,5,3.0946541777076324e-06
sweep,17399,5,7.031063990328427e-06
sweet,63631,5,2.571375554736411e-05
swell,4558,5,1.8419213557053262e-06
swept,26545,5,1.0727029922597167e-05
swift,30678,5,1.2397205649479596e-05
swill,222,5,8.971183434984258e-08
swine,4436,5,1.7926202575491066e-06
swing,34683,5,1.4015655634034189e-05
swirl,1411,5,5.701954876920174e-07
swish,588,5,2.3761512881850195e-07
swoon,611,5,2.469095981430352e-07
swoop,875,5,3.5359394169419933e-07
sword,48272,5,1.9507070575385588e-05
swore,5543,5,2.2399671072125108e-06
sworn,28417,5,1.1483518904141786e-05
swung,4242,5,1.7142234293334784e-06
synod,21940,5,8.866115520880838e-06
syrup,6384,5,2.579821398600878e-06
tabby,991,5,4.0047039567880176e-07
table,193564,5,7.8220637405824e-05
taboo,6756,5,2.730149337241155e-06
tacit,2245,5,9.072210275468314e-07
tacky,817,5,3.301557147018981e-07
taffy,1183,5,4.780590091705575e-07
taint,862,5,3.4834054598902836e-07
taken,454113,5,0.0001835104064509462
taker,2118,5,8.558993925809305e-07
tally,13260,5,5.358463619274381e-06
talon,2947,5,1.1909043956260633e-06
tamer,1636,5,6.611196441276686e-07
tango,10084,5,4.075018637764921e-06
tangy,374,5,1.511361533641492e-07
taper,3023,5,1.2216165551332166e-06
tapir,921,5,3.7218288034326577e-07
tardy,630,5,2.545876380198235e-07
tarot,3547,5,1.4333688127878e-06
taste,38884,5,1.571331066152828e-05
tasty,2007,5,8.110434754060091e-07
tatty,195,5,7.880093557756442e-08
taunt,1601,5,6.469758864599007e-07
tawny,3096,5,1.2511163925545613e-06
teach,54574,5,2.2053755170307696e-05
teary,153,5,6.182842637624285e-08
tease,1990,5,8.041736502530933e-07
teddy,14092,5,5.694680944405322e-06
teeth,50406,5,2.03694356857575e-05
tempo,17075,5,6.90013320506109e-06
tenet,2547,5,1.0292614508515722e-06
tenor,21261,5,8.591726622126139e-06
tense,17277,5,6.981762892172207e-06
tenth,60064,5,2.4272304587337588e-05
tepee,178,5,7.193111042464855e-08
tepid,936,5,3.782444907723092e-07
terra,13824,5,5.586380171406413e-06
terse,1020,5,4.1218950917495233e-07
testy,188,5,7.597218404401082e-08
thank,14527,5,5.8704676468475815e-06
theft,25323,5,1.0233210726311096e-05
their,5309478,5,0.0021455991478384387
theme,161943,5,6.544235851403854e-05
there,2995353,5,0.0012104441988977656
these,1946629,5,0.0007866471098585572
theta,7304,5,2.951600171582208e-06
thick,58027,5,2.344913789107349e-05
thief,14055,5,5.679728972013682e-06
thigh,5869,5,2.371706107203721e-06
thing,89799,5,3.628843699451132e-05
think,130258,5,5.263821675108916e-05
third,948535,5,0.00038330997655417983
thong,3210,5,1.2971846318152911e-06
thorn,8905,5,3.5985760580421085e-06
those,897010,5,0.0003624883447304157
three,2246720,5,0.0009079160922093617
threw,48611,5,1.964406297108197e-05
throb,364,5,1.4709507974478692e-07
throw,47860,5,1.9340578342267863e-05
thrum,306,5,1.236568527524857e-07
thumb,14323,5,5.78802974501259e-06
thump,656,5,2.6509442943016544e-07
thyme,1466,5,5.924213925985099e-07
tiara,2616,5,1.057144858825172e-06
tibia,3992,5,1.6131965888494213e-06
tidal,20540,5,8.30036521417012e-06
tiger,48915,5,1.9766911609110583e-05
tight,35815,5,1.4473105167745999e-05
tilde,637,5,2.574163895533771e-07
timer,4165,5,1.6831071624643887e-06
timid,2520,5,1.018350552079294e-06
tipsy,543,5,2.1943029753137169e-07
titan,12251,5,4.950719291080727e-06
tithe,3468,5,1.401444331194838e-06
title,761185,5,0.0003076004622954276
toast,5134,5,2.0746871961805933e-06
today,366875,5,0.00014825688841035357
toddy,898,5,3.6288841101873255e-07
token,10146,5,4.100073294204967e-06
tonal,6178,5,2.4965752820420152e-06
tonga,12599,5,5.091348653034534e-06
tonic,4911,5,1.9845712544688147e-06
tooth,21821,5,8.818026744810426e-06
topaz,1770,5,7.152700306271232e-07
topic,43109,5,1.7420664265708844e-05
torch,14128,5,5.709228809435026e-06
torso,5637,5,2.277953199234516e-06
torus,2893,5,1.169082598081507e-06
total,718371,5,0.0002902990097014899
totem,3546,5,1.4329647054258637e-06
touch,55098,5,2.226550742796228e-05
tough,28669,5,1.1585353959349715e-05
towel,2888,5,1.167062061271826e-06
tower,232281,5,9.386646213790893e-05
toxic,27874,5,1.1264088606610414e-05
toxin,6436,5,2.6008349814215623e-06
trace,33529,5,1.3549315738359782e-05
track,506968,5,0.00020486950106608553
tract,26672,5,1.0778351557563067e-05
trade,355202,5,0.00014353974317447198
trail,120840,5,4.883233361637377e-05
train,254522,5,0.00010285421397473257
trait,11833,5,4.781802413791384e-06
tramp,3563,5,1.4398345305787796e-06
trash,10533,5,4.256462843274288e-06
trawl,907,5,3.6652537727615863e-07
tread,2261,5,9.136867453378111e-07
treat,45374,5,1.83359674404944e-05
trend,41523,5,1.6779749989677987e-05
triad,7387,5,2.9851410826229146e-06
trial,206236,5,8.334148589627988e-05
tribe,94213,5,3.807216689009783e-05
trice,700,5,2.8287515335535943e-07
trick,22812,5,9.218497140489229e-06
tried,163242,5,6.59672939771937e-05
tripe,763,5,3.083339171573418e-07
trite,901,5,3.6410073310454123e-07
troll,3844,5,1.5533886992828597e-06
troop,31642,5,1.278676514638612e-05
trope,2411,5,9.743028496282452e-07
trout,22742,5,9.190209625153692e-06
trove,1564,5,6.320239140682602e-07
truce,12589,5,5.0873075794151716e-06
truck,65735,5,2.6563997436877934e-05
truer,532,5,2.149851165500732e-07
truly,35341,5,1.4281558278188226e-05
trump,77136,5,3.117122547031287e-05
trunk,32775,5,1.3244618787459866e-05
truss,10565,5,4.269394278856247e-06
trust,156818,5,6.337130828411537e-05
truth,84929,5,3.432043414188189e-05
tryst,983,5,3.972375367833119e-07
tubal,847,5,3.4227893555998494e-07
tuber,2387,5,9.646042729417758e-07
tulip,4424,5,1.7877709692058717e-06
tulle,816,5,3.2975160733996187e-07
tumor,23855,5,9.639981118988714e-06
tunic,2904,5,1.1735277790628055e-06
turbo,13689,5,5.5318256775450225e-06
tutor,17794,5,7.190686398293237e-06
twang,934,5,3.7743627604843675e-07
tweak,784,5,3.1682017175800257e-07
tweed,5421,5,2.1906660090562907e-06
tweet,6993,5,2.825922782020041e-06
twice,176675,5,7.139566817008304e-05
twine,1179,5,4.764425797228126e-07
twirl,343,5,1.3860882514412614e-07
twist,18882,5,7.630355208079853e-06
twixt,122,5,4.930109815621979e-08
tying,14836,5,5.995336821685875e-06
udder,385,5,1.555813343454477e-07
ulcer,2379,5,9.61371414046286e-07
ultra,16788,5,6.7841543921853926e-06
umbra,871,5,3.5197751224645443e-07
uncle,87868,5,3.550810567861247e-05
uncut,4944,5,1.9979067974127104e-06
under,2123590,5,0.000858158352734154
undid,375,5,1.515402607260854e-07
undue,3382,5,1.3666910980683224e-06
unfed,95,5,3.839019938394164e-08
unfit,7076,5,2.8594636930607477e-06
unify,5000,5,2.020536809681139e-06
union,700170,5,0.0002829438516068886
unite,16525,5,6.6778741559961645e-06
unity,53825,5,2.1751078756217462e-05
unlit,472,5,1.9073867483389952e-07
unmet,718,5,2.9014908587021153e-07
unset,84,5,3.3945018402643136e-08
untie,432,5,1.745743803564504e-07
until,1754655,5,0.0007090690031582118
unwed,899,5,3.632925183806688e-07
unzip,87,5,3.515734048845182e-08
upper,270205,5,0.00010919182973197843
upset,39299,5,1.5881015216731815e-05
urban,219438,5,8.867651128856196e-05
urine,12577,5,5.082458291071937e-06
usage,68905,5,2.7845017774215776e-05
usher,8944,5,3.6143362451576213e-06
using,699724,5,0.00028276361972346504
usual,59441,5,2.4020545700851315e-05
usurp,1594,5,6.441471349263471e-07
utile,214,5,8.647897545435275e-08
utter,4523,5,1.8277775980375582e-06
vague,10324,5,4.172004404629616e-06
valet,3558,5,1.4378139937690986e-06
valid,43349,5,1.751765003257354e-05
valor,7344,5,2.967764466059657e-06
value,213422,5,8.62454013991536e-05
valve,27581,5,1.1145685149563099e-05
vapid,518,5,2.09327613482966e-07
vapor,9936,5,4.01521074819836e-06
vault,28109,5,1.1359053836665427e-05
vaunt,38,5,1.5356079753576656e-08
vegan,6364,5,2.5717392513621537e-06
venom,12927,5,5.223895867749617e-06
venue,83461,5,3.372720453455951e-05
verge,9879,5,3.992176628567994e-06
verse,54319,5,2.195070779301396e-05
verso,1329,5,5.370586840132467e-07
verve,3660,5,1.4790329446865937e-06
vicar,24262,5,9.804452815296758e-06
video,583738,5,0.00023589282324192973
vigil,5334,5,2.155508668567839e-06
vigor,2954,5,1.193733147159617e-06
villa,69255,5,2.7986455350893455e-05
vinyl,40089,5,1.6200260032661437e-05
viola,15517,5,6.270533935164447e-06
viper,6459,5,2.6101294507460955e-06
viral,29776,5,1.2032700809013119e-05
virus,58617,5,2.3687561234615865e-05
visit,158098,5,6.388856570739374e-05
visor,1578,5,6.376814171353675e-07
vista,21962,5,8.875005882843434e-06
vital,39785,5,1.6077411394632823e-05
vivid,11389,5,4.6023787450916986e-06
vixen,2106,5,8.510501042376957e-07
vocal,87283,5,3.527170287187977e-05
vodka,4607,5,1.8617226164402015e-06
vogue,15681,5,6.336807542521988e-06
voice,208747,5,8.435619948210174e-05
voila,112,5,4.526002453685751e-08
vomit,1653,5,6.679894692805846e-07
voter,24971,5,1.0090964934909544e-05
vouch,352,5,1.422457914015522e-07
vowel,23899,5,9.657761842913908e-06
vying,2578,5,1.0417887790715952e-06
wacky,1961,5,7.924545367569427e-07
wafer,2682,5,1.083815944712963e-06
wager,2935,5,1.1860551072828286e-06
wagon,25901,5,1.0466784781510237e-05
waist,8779,5,3.547658530438144e-06
waive,1879,5,7.593177330781721e-07
waltz,8376,5,3.384803263577844e-06
warty,1334,5,5.390792208229278e-07
waste,65082,5,2.6300115329533577e-05
watch,96045,5,3.8812491577165e-05
water,793461,5,0.00032064343150928123
waver,602,5,2.4327263188560915e-07
waxen,87,5,3.515734048845182e-08
weary,3581,5,1.4471084630936316e-06
weave,4537,5,1.8334351011046656e-06
wedge,8300,5,3.3540911040706905e-06
weedy,719,5,2.905531932321478e-07
weigh,10536,5,4.257675165360096e-06
weird,13551,5,5.476058861597823e-06
welch,13001,5,5.253799812532897e-06
welsh,92534,5,3.7393670629406905e-05
whack,534,5,2.1579333127394564e-07
whale,21124,5,8.536363913540875e-06
wharf,16454,5,6.6491825332986925e-06
wheat,33648,5,1.3597404514430192e-05
wheel,61955,5,2.5036471608758992e-05
whelp,163,5,6.586949999560514e-08
where,2512795,5,0.0010154389585365436
which,7793753,5,0.0031495129644125612
whiff,544,5,2.198344048933079e-07
while,2270735,5,0.0009176207305062603
whine,528,5,2.1336868710232826e-07
whiny,286,5,1.1557470551376115e-07
whirl,720,5,2.9095730059408403e-07
whisk,435,5,1.7578670244225908e-07
white,747112,5,0.000301913459390899
whole,216892,5,8.764765394507232e-05
whoop,343,5,1.3860882514412614e-07
whose,356550,5,0.00014408447989836201
widen,4437,5,1.7930243649110427e-06
wider,61666,5,2.4919684581159423e-05
widow,55731,5,2.252130738806791e-05
width,55386,5,2.2381890348199913e-05
wield,2342,5,9.464194416546455e-07
wight,11647,5,4.706638444471245e-06
willy,10641,5,4.3001064383633996e-06
wimpy,908,5,3.6692948463809485e-07
wince,236,5,9.536933741694976e-08
winch,2989,5,1.207876904827385e-06
windy,5580,5,2.254919079604151e-06
wiser,1600,5,6.465717790979644e-07
wispy,404,5,1.6325937422223603e-07
witch,27209,5,1.0995357210922822e-05
witty,6521,5,2.6351841071861412e-06
woken,1172,5,4.7361382818925896e-07
woman,329477,5,0.0001331440812886625
women,681859,5,0.00027554424170247435
woody,19615,5,7.926565904379108e-06
wooer,33,5,1.3335542943895516e-08
wooly,609,5,2.461013834191627e-07
woozy,387,5,1.5638954906932016e-07
wordy,354,5,1.4305400612542464e-07
world,2385005,5,0.000963798078754713
worry,10079,5,4.07299810095524e-06
worse,30929,5,1.2498636597325589e-05
worst,58952,5,2.3822937200864502e-05
worth,108378,5,4.379634767192449e-05
would,2668004,5,0.0010781600580753036
wound,30111,5,1.2168076775261756e-05
woven,10381,5,4.195038524259981e-06
wrack,367,5,1.483074018305956e-07
wrath,7496,5,3.0291887850739634e-06
wreak,1071,5,4.3279898463369995e-07
wreck,21088,5,8.521816048511172e-06
wrest,1290,5,5.212984968977338e-07
wring,366,5,1.4790329446865936e-07
wrist,10378,5,4.193826202174172e-06
write,131960,5,5.332600748110462e-05
wrong,58027,5,2.344913789107349e-05
wrote,673218,5,0.0002720523499879834
wrung,199,5,8.041736502530933e-08
wryly,489,5,1.976084999868154e-07
yacht,26322,5,1.0636913980885388e-05
yearn,393,5,1.588141932409375e-07
yeast,11032,5,4.458112416880465e-06
yield,31140,5,1.2583903250694134e-05
young,642715,5,0.00025972586312684266
youth,324869,5,0.0001312819545648604
zebra,5650,5,2.283206594939687e-06
zesty,181,5,7.314343251045723e-08
zonal,4158,5,1.680278410930835e-06
